[32mINFO [0m[11-19|04:43:48.989] Starting xRWA DVN Relayer
[32mINFO [0m[11-19|04:43:48.990] Configuration loaded                     [32mmantle_chain_id[0m=15000 [32methereum_chain_id[0m=10001
[32mINFO [0m[11-19|04:43:48.990] Persistence store initialized            [32mfile[0m=./data/processed_locks.json [32mloaded_locks[0m=0
[32mINFO [0m[11-19|04:43:48.990] Persistence enabled                      [32mfile[0m=./data/processed_locks.json [32mpreviously_processed[0m=0
[32mINFO [0m[11-19|04:43:48.990] DVN relayer initialized                  [32mdvn_address[0m=0xA9Aa2B1A52fb6c5b0802E19e865373698D9bF221 [32mmantle_locker[0m=0x0C81512f121c45d08F0553890D7bE6D10C6De8a7 [32methereum_receiver[0m=0xd288EA83c8fbB98780Fa3fC48f0EaA2F4dF09deC [32mmax_retries[0m=5 [32mpersistence_enabled[0m=true
[32mINFO [0m[11-19|04:43:48.990] Loaded processed locks from persistence  [32mcount[0m=0
[32mINFO [0m[11-19|04:43:48.990] Starting event monitoring on Mantle
[32mINFO [0m[11-19|04:43:48.990] Relayer started successfully
[32mINFO [0m[11-19|04:43:48.990] Health checks started                    [32minterval[0m=30s
[31mERROR[0m[11-19|04:43:48.990] Failed to subscribe to logs              [31merror[0m="notifications not supported"
[32mINFO [0m[11-19|04:43:48.990] Polling mode active                      [32minterval[0m=12s [32mstarting_block[0m=0
[32mINFO [0m[11-19|04:44:01.164] Starting block scan                      [32mfrom_block[0m=87,687,917 [32mto_block[0m=87,688,017
[32mINFO [0m[11-19|04:44:01.262] Found lock events in block range         [32mfrom_block[0m=87,687,917 [32mto_block[0m=87,688,017 [32mevent_count[0m=1
[32mINFO [0m[11-19|04:44:01.262] New lock detected                        [32mborrower[0m=0x91c5CA0B262fDefbb1468AfAE65c0229650B4fBC [32mlock_id[0m=44e45f0df733147c6d98c0e38360c1047541b2ce33a75c994ddbc9930d0dac56 [32mamount[0m=1,000,000,000,000,000,000 [32mchain_id[0m=15000 [32mvalid_until[0m=1,763,522,940 [32mvc_hash[0m=c903c5d2277251e5fb27a3129a496b425c0e1522de38f7b2a754fc2df0f090da [32mtx[0m=bb7b93..3bd9da [32mblock[0m=87,688,017 [32mevent_index[0m=2
[32mINFO [0m[11-19|04:44:01.262] Lock message signed                      [32mlock_id[0m=44e45f0df733147c6d98c0e38360c1047541b2ce33a75c994ddbc9930d0dac56 [32mv[0m=27 [32msigner[0m=0xA9Aa2B1A52fb6c5b0802E19e865373698D9bF221
[32mINFO [0m[11-19|04:44:02.354] Attestation transaction submitted        [32mtx_hash[0m=80f0b6..3e0a40 [32mreceiver[0m=0xd288EA83c8fbB98780Fa3fC48f0EaA2F4dF09deC
[32mINFO [0m[11-19|04:44:02.355] Attestation submitted successfully       [32mlock_id[0m=44e45f0df733147c6d98c0e38360c1047541b2ce33a75c994ddbc9930d0dac56 [32mborrower[0m=0x91c5CA0B262fDefbb1468AfAE65c0229650B4fBC [32meth_tx[0m=80f0b6..3e0a40 [32mprocessing_time[0m=1.092807875s [32mtotal_processed[0m=1
[32mINFO [0m[11-19|04:44:19.103] Relayer metrics                          [32mtotal_processed[0m=1 [32mtime_since_last_event[0m=17.841213875s [32mpersistence_enabled[0m=true
[32mINFO [0m[11-19|04:44:49.110] Relayer metrics                          [32mtotal_processed[0m=1 [32mtime_since_last_event[0m=47.84824825s  [32mpersistence_enabled[0m=true
[32mINFO [0m[11-19|04:45:19.104] Relayer metrics                          [32mtotal_processed[0m=1 [32mtime_since_last_event[0m=1m17.842577666s [32mpersistence_enabled[0m=true
[32mINFO [0m[11-19|04:45:49.107] Relayer metrics                          [32mtotal_processed[0m=1 [32mtime_since_last_event[0m=1m47.845300833s [32mpersistence_enabled[0m=true
[32mINFO [0m[11-19|04:46:19.106] Relayer metrics                          [32mtotal_processed[0m=1 [32mtime_since_last_event[0m=2m17.843569208s [32mpersistence_enabled[0m=true
[32mINFO [0m[11-19|04:46:49.107] Relayer metrics                          [32mtotal_processed[0m=1 [32mtime_since_last_event[0m=2m47.845199291s [32mpersistence_enabled[0m=true
[32mINFO [0m[11-19|04:47:19.157] Relayer metrics                          [32mtotal_processed[0m=1 [32mtime_since_last_event[0m=3m17.894923416s [32mpersistence_enabled[0m=true
[32mINFO [0m[11-19|04:47:49.325] Relayer metrics                          [32mtotal_processed[0m=1 [32mtime_since_last_event[0m=3m48.062420416s [32mpersistence_enabled[0m=true
[32mINFO [0m[11-19|04:48:19.106] Relayer metrics                          [32mtotal_processed[0m=1 [32mtime_since_last_event[0m=4m17.844294666s [32mpersistence_enabled[0m=true
[32mINFO [0m[11-19|04:48:49.108] Relayer metrics                          [32mtotal_processed[0m=1 [32mtime_since_last_event[0m=4m47.845921083s [32mpersistence_enabled[0m=true
[32mINFO [0m[11-19|04:49:19.126] Relayer metrics                          [32mtotal_processed[0m=1 [32mtime_since_last_event[0m=5m17.864088625s [32mpersistence_enabled[0m=true
[32mINFO [0m[11-19|04:49:49.102] Relayer metrics                          [32mtotal_processed[0m=1 [32mtime_since_last_event[0m=5m47.839969208s [32mpersistence_enabled[0m=true
[32mINFO [0m[11-19|04:50:19.173] Relayer metrics                          [32mtotal_processed[0m=1 [32mtime_since_last_event[0m=6m17.910392791s [32mpersistence_enabled[0m=true
[32mINFO [0m[11-19|04:50:49.106] Relayer metrics                          [32mtotal_processed[0m=1 [32mtime_since_last_event[0m=6m47.843731666s [32mpersistence_enabled[0m=true
[32mINFO [0m[11-19|04:51:19.157] Relayer metrics                          [32mtotal_processed[0m=1 [32mtime_since_last_event[0m=7m17.894681875s [32mpersistence_enabled[0m=true
[32mINFO [0m[11-19|04:51:49.158] Relayer metrics                          [32mtotal_processed[0m=1 [32mtime_since_last_event[0m=7m47.910173875s [32mpersistence_enabled[0m=true
[32mINFO [0m[11-19|04:52:19.089] Relayer metrics                          [32mtotal_processed[0m=1 [32mtime_since_last_event[0m=8m17.844850833s [32mpersistence_enabled[0m=true
[32mINFO [0m[11-19|04:52:49.084] Relayer metrics                          [32mtotal_processed[0m=1 [32mtime_since_last_event[0m=8m47.840266666s [32mpersistence_enabled[0m=true
[32mINFO [0m[11-19|04:53:19.128] Relayer metrics                          [32mtotal_processed[0m=1 [32mtime_since_last_event[0m=9m17.884691541s [32mpersistence_enabled[0m=true
[32mINFO [0m[11-19|04:53:49.134] Relayer metrics                          [32mtotal_processed[0m=1 [32mtime_since_last_event[0m=9m47.890223583s [32mpersistence_enabled[0m=true
[32mINFO [0m[11-19|04:54:19.085] Relayer metrics                          [32mtotal_processed[0m=1 [32mtime_since_last_event[0m=10m17.841160791s [32mpersistence_enabled[0m=true
[32mINFO [0m[11-19|04:54:49.091] Relayer metrics                          [32mtotal_processed[0m=1 [32mtime_since_last_event[0m=10m47.847703958s [32mpersistence_enabled[0m=true
[32mINFO [0m[11-19|04:55:19.091] Relayer metrics                          [32mtotal_processed[0m=1 [32mtime_since_last_event[0m=11m17.84747175s  [32mpersistence_enabled[0m=true
[32mINFO [0m[11-19|04:55:49.084] Relayer metrics                          [32mtotal_processed[0m=1 [32mtime_since_last_event[0m=11m47.840957916s [32mpersistence_enabled[0m=true
[32mINFO [0m[11-19|04:56:19.266] Relayer metrics                          [32mtotal_processed[0m=1 [32mtime_since_last_event[0m=12m18.022786625s [32mpersistence_enabled[0m=true
[32mINFO [0m[11-19|04:56:49.091] Relayer metrics                          [32mtotal_processed[0m=1 [32mtime_since_last_event[0m=12m47.847894083s [32mpersistence_enabled[0m=true
[32mINFO [0m[11-19|04:57:19.086] Relayer metrics                          [32mtotal_processed[0m=1 [32mtime_since_last_event[0m=13m17.843043958s [32mpersistence_enabled[0m=true
[32mINFO [0m[11-19|04:57:49.098] Relayer metrics                          [32mtotal_processed[0m=1 [32mtime_since_last_event[0m=13m47.854944s    [32mpersistence_enabled[0m=true
[32mINFO [0m[11-19|04:58:19.090] Relayer metrics                          [32mtotal_processed[0m=1 [32mtime_since_last_event[0m=14m17.84678075s  [32mpersistence_enabled[0m=true
[32mINFO [0m[11-19|04:58:49.084] Relayer metrics                          [32mtotal_processed[0m=1 [32mtime_since_last_event[0m=14m47.840908291s [32mpersistence_enabled[0m=true
[32mINFO [0m[11-19|04:59:19.085] Relayer metrics                          [32mtotal_processed[0m=1 [32mtime_since_last_event[0m=15m17.842806083s [32mpersistence_enabled[0m=true
[32mINFO [0m[11-19|04:59:49.082] Relayer metrics                          [32mtotal_processed[0m=1 [32mtime_since_last_event[0m=15m47.839508208s [32mpersistence_enabled[0m=true
[32mINFO [0m[11-19|05:00:19.239] Relayer metrics                          [32mtotal_processed[0m=1 [32mtime_since_last_event[0m=16m17.996451708s [32mpersistence_enabled[0m=true
[32mINFO [0m[11-19|05:00:49.088] Relayer metrics                          [32mtotal_processed[0m=1 [32mtime_since_last_event[0m=16m47.845466125s [32mpersistence_enabled[0m=true
[32mINFO [0m[11-19|05:01:19.091] Relayer metrics                          [32mtotal_processed[0m=1 [32mtime_since_last_event[0m=17m17.848957291s [32mpersistence_enabled[0m=true
[32mINFO [0m[11-19|05:01:49.118] Relayer metrics                          [32mtotal_processed[0m=1 [32mtime_since_last_event[0m=17m47.875225083s [32mpersistence_enabled[0m=true
[32mINFO [0m[11-19|05:02:19.088] Relayer metrics                          [32mtotal_processed[0m=1 [32mtime_since_last_event[0m=18m17.845583583s [32mpersistence_enabled[0m=true
[32mINFO [0m[11-19|05:02:49.094] Relayer metrics                          [32mtotal_processed[0m=1 [32mtime_since_last_event[0m=18m47.851894041s [32mpersistence_enabled[0m=true
[32mINFO [0m[11-19|05:03:19.085] Relayer metrics                          [32mtotal_processed[0m=1 [32mtime_since_last_event[0m=19m17.842869166s [32mpersistence_enabled[0m=true
[32mINFO [0m[11-19|05:03:49.082] Relayer metrics                          [32mtotal_processed[0m=1 [32mtime_since_last_event[0m=19m47.839779875s [32mpersistence_enabled[0m=true
[32mINFO [0m[11-19|05:04:19.086] Relayer metrics                          [32mtotal_processed[0m=1 [32mtime_since_last_event[0m=20m17.843997416s [32mpersistence_enabled[0m=true
[32mINFO [0m[11-19|05:04:49.096] Relayer metrics                          [32mtotal_processed[0m=1 [32mtime_since_last_event[0m=20m47.8538625s   [32mpersistence_enabled[0m=true
[32mINFO [0m[11-19|05:05:19.114] Relayer metrics                          [32mtotal_processed[0m=1 [32mtime_since_last_event[0m=21m17.872107333s [32mpersistence_enabled[0m=true
[32mINFO [0m[11-19|05:05:49.285] Relayer metrics                          [32mtotal_processed[0m=1 [32mtime_since_last_event[0m=21m48.043447541s [32mpersistence_enabled[0m=true
[32mINFO [0m[11-19|05:06:19.084] Relayer metrics                          [32mtotal_processed[0m=1 [32mtime_since_last_event[0m=22m17.842647333s [32mpersistence_enabled[0m=true
[32mINFO [0m[11-19|05:06:49.093] Relayer metrics                          [32mtotal_processed[0m=1 [32mtime_since_last_event[0m=22m47.8518065s   [32mpersistence_enabled[0m=true
[32mINFO [0m[11-19|05:07:19.082] Relayer metrics                          [32mtotal_processed[0m=1 [32mtime_since_last_event[0m=23m17.840530958s [32mpersistence_enabled[0m=true
[32mINFO [0m[11-19|05:07:49.130] Relayer metrics                          [32mtotal_processed[0m=1 [32mtime_since_last_event[0m=23m47.8960435s   [32mpersistence_enabled[0m=true
[32mINFO [0m[11-19|05:08:19.074] Relayer metrics                          [32mtotal_processed[0m=1 [32mtime_since_last_event[0m=24m17.841405375s [32mpersistence_enabled[0m=true
[32mINFO [0m[11-19|05:08:49.101] Relayer metrics                          [32mtotal_processed[0m=1 [32mtime_since_last_event[0m=24m47.86921175s  [32mpersistence_enabled[0m=true
[32mINFO [0m[11-19|05:09:19.075] Relayer metrics                          [32mtotal_processed[0m=1 [32mtime_since_last_event[0m=25m17.842644333s [32mpersistence_enabled[0m=true
[32mINFO [0m[11-19|05:09:49.072] Relayer metrics                          [32mtotal_processed[0m=1 [32mtime_since_last_event[0m=25m47.839729125s [32mpersistence_enabled[0m=true
[32mINFO [0m[11-19|05:10:19.077] Relayer metrics                          [32mtotal_processed[0m=1 [32mtime_since_last_event[0m=26m17.845629791s [32mpersistence_enabled[0m=true
[32mINFO [0m[11-19|05:10:49.157] Relayer metrics                          [32mtotal_processed[0m=1 [32mtime_since_last_event[0m=26m47.925043333s [32mpersistence_enabled[0m=true
[32mINFO [0m[11-19|05:11:19.074] Relayer metrics                          [32mtotal_processed[0m=1 [32mtime_since_last_event[0m=27m17.84243575s  [32mpersistence_enabled[0m=true
[32mINFO [0m[11-19|05:11:49.073] Relayer metrics                          [32mtotal_processed[0m=1 [32mtime_since_last_event[0m=27m47.841676458s [32mpersistence_enabled[0m=true
[32mINFO [0m[11-19|05:12:19.083] Relayer metrics                          [32mtotal_processed[0m=1 [32mtime_since_last_event[0m=28m17.85118925s  [32mpersistence_enabled[0m=true
[32mINFO [0m[11-19|05:12:49.074] Relayer metrics                          [32mtotal_processed[0m=1 [32mtime_since_last_event[0m=28m47.843216458s [32mpersistence_enabled[0m=true
[32mINFO [0m[11-19|05:13:19.078] Relayer metrics                          [32mtotal_processed[0m=1 [32mtime_since_last_event[0m=29m17.846661083s [32mpersistence_enabled[0m=true
[32mINFO [0m[11-19|05:13:49.078] Relayer metrics                          [32mtotal_processed[0m=1 [32mtime_since_last_event[0m=29m47.847142375s [32mpersistence_enabled[0m=true
[32mINFO [0m[11-19|05:14:19.082] Relayer metrics                          [32mtotal_processed[0m=1 [32mtime_since_last_event[0m=30m17.851634833s [32mpersistence_enabled[0m=true
[32mINFO [0m[11-19|05:14:49.106] Relayer metrics                          [32mtotal_processed[0m=1 [32mtime_since_last_event[0m=30m47.875202291s [32mpersistence_enabled[0m=true
[32mINFO [0m[11-19|05:15:19.071] Relayer metrics                          [32mtotal_processed[0m=1 [32mtime_since_last_event[0m=31m17.840308708s [32mpersistence_enabled[0m=true
[32mINFO [0m[11-19|05:15:49.081] Relayer metrics                          [32mtotal_processed[0m=1 [32mtime_since_last_event[0m=31m47.850878291s [32mpersistence_enabled[0m=true
[32mINFO [0m[11-19|05:16:19.085] Relayer metrics                          [32mtotal_processed[0m=1 [32mtime_since_last_event[0m=32m17.854677583s [32mpersistence_enabled[0m=true
[32mINFO [0m[11-19|05:16:49.083] Relayer metrics                          [32mtotal_processed[0m=1 [32mtime_since_last_event[0m=32m47.852988875s [32mpersistence_enabled[0m=true
[32mINFO [0m[11-19|05:17:19.079] Relayer metrics                          [32mtotal_processed[0m=1 [32mtime_since_last_event[0m=33m17.848435291s [32mpersistence_enabled[0m=true
[32mINFO [0m[11-19|05:17:49.076] Relayer metrics                          [32mtotal_processed[0m=1 [32mtime_since_last_event[0m=33m47.846451666s [32mpersistence_enabled[0m=true
[32mINFO [0m[11-19|05:18:19.072] Relayer metrics                          [32mtotal_processed[0m=1 [32mtime_since_last_event[0m=34m17.842439833s [32mpersistence_enabled[0m=true
[32mINFO [0m[11-19|05:18:49.077] Relayer metrics                          [32mtotal_processed[0m=1 [32mtime_since_last_event[0m=34m47.847478083s [32mpersistence_enabled[0m=true
[32mINFO [0m[11-19|05:19:19.078] Relayer metrics                          [32mtotal_processed[0m=1 [32mtime_since_last_event[0m=35m17.848796458s [32mpersistence_enabled[0m=true
[32mINFO [0m[11-19|05:19:49.072] Relayer metrics                          [32mtotal_processed[0m=1 [32mtime_since_last_event[0m=35m47.84291075s  [32mpersistence_enabled[0m=true
[32mINFO [0m[11-19|05:20:19.080] Relayer metrics                          [32mtotal_processed[0m=1 [32mtime_since_last_event[0m=36m17.850655708s [32mpersistence_enabled[0m=true
[32mINFO [0m[11-19|05:20:49.080] Relayer metrics                          [32mtotal_processed[0m=1 [32mtime_since_last_event[0m=36m47.851192791s [32mpersistence_enabled[0m=true
[32mINFO [0m[11-19|05:21:19.134] Relayer metrics                          [32mtotal_processed[0m=1 [32mtime_since_last_event[0m=37m17.905233125s [32mpersistence_enabled[0m=true
[32mINFO [0m[11-19|05:21:49.080] Relayer metrics                          [32mtotal_processed[0m=1 [32mtime_since_last_event[0m=37m47.850667708s [32mpersistence_enabled[0m=true
[32mINFO [0m[11-19|05:22:19.080] Relayer metrics                          [32mtotal_processed[0m=1 [32mtime_since_last_event[0m=38m17.851013458s [32mpersistence_enabled[0m=true
[32mINFO [0m[11-19|05:22:49.075] Relayer metrics                          [32mtotal_processed[0m=1 [32mtime_since_last_event[0m=38m47.846565625s [32mpersistence_enabled[0m=true
[32mINFO [0m[11-19|05:23:19.073] Relayer metrics                          [32mtotal_processed[0m=1 [32mtime_since_last_event[0m=39m17.843994916s [32mpersistence_enabled[0m=true
[32mINFO [0m[11-19|05:23:49.087] Relayer metrics                          [32mtotal_processed[0m=1 [32mtime_since_last_event[0m=39m47.862886625s [32mpersistence_enabled[0m=true
[32mINFO [0m[11-19|05:24:19.079] Relayer metrics                          [32mtotal_processed[0m=1 [32mtime_since_last_event[0m=40m17.855664833s [32mpersistence_enabled[0m=true
[32mINFO [0m[11-19|05:24:49.076] Relayer metrics                          [32mtotal_processed[0m=1 [32mtime_since_last_event[0m=40m47.852770041s [32mpersistence_enabled[0m=true
[32mINFO [0m[11-19|05:25:19.065] Relayer metrics                          [32mtotal_processed[0m=1 [32mtime_since_last_event[0m=41m17.841847125s [32mpersistence_enabled[0m=true
[32mINFO [0m[11-19|05:25:49.063] Relayer metrics                          [32mtotal_processed[0m=1 [32mtime_since_last_event[0m=41m47.839983583s [32mpersistence_enabled[0m=true
[32mINFO [0m[11-19|05:26:19.073] Relayer metrics                          [32mtotal_processed[0m=1 [32mtime_since_last_event[0m=42m17.850627041s [32mpersistence_enabled[0m=true
[32mINFO [0m[11-19|05:26:49.068] Relayer metrics                          [32mtotal_processed[0m=1 [32mtime_since_last_event[0m=42m47.845123833s [32mpersistence_enabled[0m=true
[32mINFO [0m[11-19|05:27:19.073] Relayer metrics                          [32mtotal_processed[0m=1 [32mtime_since_last_event[0m=43m17.850453958s [32mpersistence_enabled[0m=true
[32mINFO [0m[11-19|05:27:49.069] Relayer metrics                          [32mtotal_processed[0m=1 [32mtime_since_last_event[0m=43m47.846912666s [32mpersistence_enabled[0m=true
[32mINFO [0m[11-19|05:28:19.062] Relayer metrics                          [32mtotal_processed[0m=1 [32mtime_since_last_event[0m=44m17.840136708s [32mpersistence_enabled[0m=true
[32mINFO [0m[11-19|05:28:49.107] Relayer metrics                          [32mtotal_processed[0m=1 [32mtime_since_last_event[0m=44m47.88562675s  [32mpersistence_enabled[0m=true
[32mINFO [0m[11-19|05:29:19.070] Relayer metrics                          [32mtotal_processed[0m=1 [32mtime_since_last_event[0m=45m17.84783475s  [32mpersistence_enabled[0m=true
[32mINFO [0m[11-19|05:29:49.073] Relayer metrics                          [32mtotal_processed[0m=1 [32mtime_since_last_event[0m=45m47.851941125s [32mpersistence_enabled[0m=true
[32mINFO [0m[11-19|05:30:19.074] Relayer metrics                          [32mtotal_processed[0m=1 [32mtime_since_last_event[0m=46m17.852263666s [32mpersistence_enabled[0m=true
[32mINFO [0m[11-19|05:30:49.090] Relayer metrics                          [32mtotal_processed[0m=1 [32mtime_since_last_event[0m=46m47.869173416s [32mpersistence_enabled[0m=true
[32mINFO [0m[11-19|05:31:47.452] Relayer metrics                          [32mtotal_processed[0m=1 [32mtime_since_last_event[0m=47m18.06774725s  [32mpersistence_enabled[0m=true
[32mINFO [0m[11-19|05:48:58.440] Relayer metrics                          [32mtotal_processed[0m=1 [32mtime_since_last_event[0m=47m48.216321041s [32mpersistence_enabled[0m=true
[32mINFO [0m[11-19|05:49:28.080] Relayer metrics                          [32mtotal_processed[0m=1 [32mtime_since_last_event[0m=48m17.84233425s  [32mpersistence_enabled[0m=true
[32mINFO [0m[11-19|05:49:58.090] Relayer metrics                          [32mtotal_processed[0m=1 [32mtime_since_last_event[0m=48m47.850714541s [32mpersistence_enabled[0m=true
[32mINFO [0m[11-19|05:50:28.111] Relayer metrics                          [32mtotal_processed[0m=1 [32mtime_since_last_event[0m=49m17.870776791s [32mpersistence_enabled[0m=true
[32mINFO [0m[11-19|05:50:58.089] Relayer metrics                          [32mtotal_processed[0m=1 [32mtime_since_last_event[0m=49m47.849309041s [32mpersistence_enabled[0m=true
[32mINFO [0m[11-19|05:51:28.103] Relayer metrics                          [32mtotal_processed[0m=1 [32mtime_since_last_event[0m=50m17.863002875s [32mpersistence_enabled[0m=true
[32mINFO [0m[11-19|05:51:58.085] Relayer metrics                          [32mtotal_processed[0m=1 [32mtime_since_last_event[0m=50m47.845049458s [32mpersistence_enabled[0m=true
[32mINFO [0m[11-19|05:52:28.081] Relayer metrics                          [32mtotal_processed[0m=1 [32mtime_since_last_event[0m=51m17.840967791s [32mpersistence_enabled[0m=true
[32mINFO [0m[11-19|05:52:58.089] Relayer metrics                          [32mtotal_processed[0m=1 [32mtime_since_last_event[0m=51m47.849308041s [32mpersistence_enabled[0m=true
[32mINFO [0m[11-19|05:53:28.157] Relayer metrics                          [32mtotal_processed[0m=1 [32mtime_since_last_event[0m=52m17.916755416s [32mpersistence_enabled[0m=true
[32mINFO [0m[11-19|05:53:58.084] Relayer metrics                          [32mtotal_processed[0m=1 [32mtime_since_last_event[0m=52m47.8443605s   [32mpersistence_enabled[0m=true
[32mINFO [0m[11-19|05:54:28.085] Relayer metrics                          [32mtotal_processed[0m=1 [32mtime_since_last_event[0m=53m17.844968041s [32mpersistence_enabled[0m=true
[32mINFO [0m[11-19|05:54:58.083] Relayer metrics                          [32mtotal_processed[0m=1 [32mtime_since_last_event[0m=53m47.843485916s [32mpersistence_enabled[0m=true
[32mINFO [0m[11-19|05:55:28.085] Relayer metrics                          [32mtotal_processed[0m=1 [32mtime_since_last_event[0m=54m17.845466791s [32mpersistence_enabled[0m=true
[32mINFO [0m[11-19|05:55:58.088] Relayer metrics                          [32mtotal_processed[0m=1 [32mtime_since_last_event[0m=54m47.848727958s [32mpersistence_enabled[0m=true
[32mINFO [0m[11-19|05:56:28.081] Relayer metrics                          [32mtotal_processed[0m=1 [32mtime_since_last_event[0m=55m17.841111125s [32mpersistence_enabled[0m=true
[32mINFO [0m[11-19|05:56:58.088] Relayer metrics                          [32mtotal_processed[0m=1 [32mtime_since_last_event[0m=55m47.848787958s [32mpersistence_enabled[0m=true
[32mINFO [0m[11-19|05:57:28.083] Relayer metrics                          [32mtotal_processed[0m=1 [32mtime_since_last_event[0m=56m17.843554708s [32mpersistence_enabled[0m=true
[32mINFO [0m[11-19|05:57:58.104] Relayer metrics                          [32mtotal_processed[0m=1 [32mtime_since_last_event[0m=56m47.86424125s  [32mpersistence_enabled[0m=true
[32mINFO [0m[11-19|05:58:28.087] Relayer metrics                          [32mtotal_processed[0m=1 [32mtime_since_last_event[0m=57m17.847558833s [32mpersistence_enabled[0m=true
[32mINFO [0m[11-19|05:58:58.088] Relayer metrics                          [32mtotal_processed[0m=1 [32mtime_since_last_event[0m=57m47.848554s    [32mpersistence_enabled[0m=true
[32mINFO [0m[11-19|05:59:28.083] Relayer metrics                          [32mtotal_processed[0m=1 [32mtime_since_last_event[0m=58m17.843822125s [32mpersistence_enabled[0m=true
[32mINFO [0m[11-19|05:59:58.084] Relayer metrics                          [32mtotal_processed[0m=1 [32mtime_since_last_event[0m=58m47.845294958s [32mpersistence_enabled[0m=true
[32mINFO [0m[11-19|06:00:28.081] Relayer metrics                          [32mtotal_processed[0m=1 [32mtime_since_last_event[0m=59m17.842184666s [32mpersistence_enabled[0m=true
[32mINFO [0m[11-19|06:00:58.091] Relayer metrics                          [32mtotal_processed[0m=1 [32mtime_since_last_event[0m=59m47.851576583s [32mpersistence_enabled[0m=true
[32mINFO [0m[11-19|06:01:28.105] Relayer metrics                          [32mtotal_processed[0m=1 [32mtime_since_last_event[0m=1h0m17.8664495s  [32mpersistence_enabled[0m=true
[32mINFO [0m[11-19|06:01:58.154] Relayer metrics                          [32mtotal_processed[0m=1 [32mtime_since_last_event[0m=1h0m47.915336625s [32mpersistence_enabled[0m=true
[32mINFO [0m[11-19|06:02:28.085] Relayer metrics                          [32mtotal_processed[0m=1 [32mtime_since_last_event[0m=1h1m17.84595425s  [32mpersistence_enabled[0m=true
[32mINFO [0m[11-19|06:02:58.084] Relayer metrics                          [32mtotal_processed[0m=1 [32mtime_since_last_event[0m=1h1m47.844763666s [32mpersistence_enabled[0m=true
[32mINFO [0m[11-19|06:03:28.099] Relayer metrics                          [32mtotal_processed[0m=1 [32mtime_since_last_event[0m=1h2m17.853291791s [32mpersistence_enabled[0m=true
[32mINFO [0m[11-19|06:03:58.098] Relayer metrics                          [32mtotal_processed[0m=1 [32mtime_since_last_event[0m=1h2m47.844427916s [32mpersistence_enabled[0m=true
[32mINFO [0m[11-19|06:04:28.106] Relayer metrics                          [32mtotal_processed[0m=1 [32mtime_since_last_event[0m=1h3m17.851467125s [32mpersistence_enabled[0m=true
[32mINFO [0m[11-19|06:04:58.097] Relayer metrics                          [32mtotal_processed[0m=1 [32mtime_since_last_event[0m=1h3m47.84259925s  [32mpersistence_enabled[0m=true
[32mINFO [0m[11-19|06:05:28.104] Relayer metrics                          [32mtotal_processed[0m=1 [32mtime_since_last_event[0m=1h4m17.849567375s [32mpersistence_enabled[0m=true
[32mINFO [0m[11-19|06:05:58.097] Relayer metrics                          [32mtotal_processed[0m=1 [32mtime_since_last_event[0m=1h4m47.842424833s [32mpersistence_enabled[0m=true
[32mINFO [0m[11-19|06:06:28.103] Relayer metrics                          [32mtotal_processed[0m=1 [32mtime_since_last_event[0m=1h5m17.847935958s [32mpersistence_enabled[0m=true
[32mINFO [0m[11-19|06:06:58.102] Relayer metrics                          [32mtotal_processed[0m=1 [32mtime_since_last_event[0m=1h5m47.847707125s [32mpersistence_enabled[0m=true
[32mINFO [0m[11-19|06:07:28.103] Relayer metrics                          [32mtotal_processed[0m=1 [32mtime_since_last_event[0m=1h6m17.847774458s [32mpersistence_enabled[0m=true
[32mINFO [0m[11-19|06:07:58.111] Relayer metrics                          [32mtotal_processed[0m=1 [32mtime_since_last_event[0m=1h6m47.855805166s [32mpersistence_enabled[0m=true
[32mINFO [0m[11-19|06:08:28.101] Relayer metrics                          [32mtotal_processed[0m=1 [32mtime_since_last_event[0m=1h7m17.846029291s [32mpersistence_enabled[0m=true
[32mINFO [0m[11-19|06:08:58.139] Relayer metrics                          [32mtotal_processed[0m=1 [32mtime_since_last_event[0m=1h7m47.883977708s [32mpersistence_enabled[0m=true
[32mINFO [0m[11-19|06:09:28.099] Relayer metrics                          [32mtotal_processed[0m=1 [32mtime_since_last_event[0m=1h8m17.843918958s [32mpersistence_enabled[0m=true
[32mINFO [0m[11-19|06:09:58.101] Relayer metrics                          [32mtotal_processed[0m=1 [32mtime_since_last_event[0m=1h8m47.846196125s [32mpersistence_enabled[0m=true
[32mINFO [0m[11-19|06:10:28.095] Relayer metrics                          [32mtotal_processed[0m=1 [32mtime_since_last_event[0m=1h9m17.840297125s [32mpersistence_enabled[0m=true
[32mINFO [0m[11-19|06:10:58.105] Relayer metrics                          [32mtotal_processed[0m=1 [32mtime_since_last_event[0m=1h9m47.849434s    [32mpersistence_enabled[0m=true
[32mINFO [0m[11-19|06:11:28.100] Relayer metrics                          [32mtotal_processed[0m=1 [32mtime_since_last_event[0m=1h10m17.845035166s [32mpersistence_enabled[0m=true
[32mINFO [0m[11-19|06:11:58.102] Relayer metrics                          [32mtotal_processed[0m=1 [32mtime_since_last_event[0m=1h10m47.846436208s [32mpersistence_enabled[0m=true
[32mINFO [0m[11-19|06:12:28.100] Relayer metrics                          [32mtotal_processed[0m=1 [32mtime_since_last_event[0m=1h11m17.844973958s [32mpersistence_enabled[0m=true
[32mINFO [0m[11-19|06:12:58.104] Relayer metrics                          [32mtotal_processed[0m=1 [32mtime_since_last_event[0m=1h11m47.848426375s [32mpersistence_enabled[0m=true
[32mINFO [0m[11-19|06:13:28.101] Relayer metrics                          [32mtotal_processed[0m=1 [32mtime_since_last_event[0m=1h12m17.845780375s [32mpersistence_enabled[0m=true
[32mINFO [0m[11-19|06:13:58.100] Relayer metrics                          [32mtotal_processed[0m=1 [32mtime_since_last_event[0m=1h12m47.844448833s [32mpersistence_enabled[0m=true
[32mINFO [0m[11-19|06:14:28.098] Relayer metrics                          [32mtotal_processed[0m=1 [32mtime_since_last_event[0m=1h13m17.842341333s [32mpersistence_enabled[0m=true
[32mINFO [0m[11-19|06:14:58.100] Relayer metrics                          [32mtotal_processed[0m=1 [32mtime_since_last_event[0m=1h13m47.84453775s  [32mpersistence_enabled[0m=true
[32mINFO [0m[11-19|06:15:28.209] Relayer metrics                          [32mtotal_processed[0m=1 [32mtime_since_last_event[0m=1h14m17.953375791s [32mpersistence_enabled[0m=true
[32mINFO [0m[11-19|06:15:58.102] Relayer metrics                          [32mtotal_processed[0m=1 [32mtime_since_last_event[0m=1h14m47.846679208s [32mpersistence_enabled[0m=true
[32mINFO [0m[11-19|06:16:28.108] Relayer metrics                          [32mtotal_processed[0m=1 [32mtime_since_last_event[0m=1h15m17.851967166s [32mpersistence_enabled[0m=true
[32mINFO [0m[11-19|06:16:58.099] Relayer metrics                          [32mtotal_processed[0m=1 [32mtime_since_last_event[0m=1h15m47.843405333s [32mpersistence_enabled[0m=true
[32mINFO [0m[11-19|06:17:28.100] Relayer metrics                          [32mtotal_processed[0m=1 [32mtime_since_last_event[0m=1h16m17.843885041s [32mpersistence_enabled[0m=true
[32mINFO [0m[11-19|06:17:58.102] Relayer metrics                          [32mtotal_processed[0m=1 [32mtime_since_last_event[0m=1h16m47.845837166s [32mpersistence_enabled[0m=true
[32mINFO [0m[11-19|06:18:28.098] Relayer metrics                          [32mtotal_processed[0m=1 [32mtime_since_last_event[0m=1h17m17.842416416s [32mpersistence_enabled[0m=true
[32mINFO [0m[11-19|06:18:58.104] Relayer metrics                          [32mtotal_processed[0m=1 [32mtime_since_last_event[0m=1h17m47.848431583s [32mpersistence_enabled[0m=true
[32mINFO [0m[11-19|06:19:28.111] Relayer metrics                          [32mtotal_processed[0m=1 [32mtime_since_last_event[0m=1h18m17.841394125s [32mpersistence_enabled[0m=true
[32mINFO [0m[11-19|06:19:58.152] Relayer metrics                          [32mtotal_processed[0m=1 [32mtime_since_last_event[0m=1h18m47.865374625s [32mpersistence_enabled[0m=true
[32mINFO [0m[11-19|06:20:28.130] Relayer metrics                          [32mtotal_processed[0m=1 [32mtime_since_last_event[0m=1h19m17.840302041s [32mpersistence_enabled[0m=true
[32mINFO [0m[11-19|06:20:58.145] Relayer metrics                          [32mtotal_processed[0m=1 [32mtime_since_last_event[0m=1h19m47.855133791s [32mpersistence_enabled[0m=true
[32mINFO [0m[11-19|06:21:28.131] Relayer metrics                          [32mtotal_processed[0m=1 [32mtime_since_last_event[0m=1h20m17.840519333s [32mpersistence_enabled[0m=true
[32mINFO [0m[11-19|06:21:58.299] Relayer metrics                          [32mtotal_processed[0m=1 [32mtime_since_last_event[0m=1h20m48.00856725s  [32mpersistence_enabled[0m=true
[32mINFO [0m[11-19|06:22:28.165] Relayer metrics                          [32mtotal_processed[0m=1 [32mtime_since_last_event[0m=1h21m17.874662583s [32mpersistence_enabled[0m=true
[32mINFO [0m[11-19|06:22:58.288] Relayer metrics                          [32mtotal_processed[0m=1 [32mtime_since_last_event[0m=1h21m47.997418916s [32mpersistence_enabled[0m=true
[32mINFO [0m[11-19|06:23:28.131] Relayer metrics                          [32mtotal_processed[0m=1 [32mtime_since_last_event[0m=1h22m17.839527375s [32mpersistence_enabled[0m=true
[32mINFO [0m[11-19|06:23:58.164] Relayer metrics                          [32mtotal_processed[0m=1 [32mtime_since_last_event[0m=1h22m47.872081375s [32mpersistence_enabled[0m=true
[32mINFO [0m[11-19|06:24:28.130] Relayer metrics                          [32mtotal_processed[0m=1 [32mtime_since_last_event[0m=1h23m17.838349666s [32mpersistence_enabled[0m=true
[32mINFO [0m[11-19|06:24:58.187] Relayer metrics                          [32mtotal_processed[0m=1 [32mtime_since_last_event[0m=1h23m47.895109041s [32mpersistence_enabled[0m=true
[32mINFO [0m[11-19|06:25:28.135] Relayer metrics                          [32mtotal_processed[0m=1 [32mtime_since_last_event[0m=1h24m17.842838666s [32mpersistence_enabled[0m=true
[32mINFO [0m[11-19|06:25:58.143] Relayer metrics                          [32mtotal_processed[0m=1 [32mtime_since_last_event[0m=1h24m47.85019675s  [32mpersistence_enabled[0m=true
[32mINFO [0m[11-19|06:26:28.138] Relayer metrics                          [32mtotal_processed[0m=1 [32mtime_since_last_event[0m=1h25m17.844765958s [32mpersistence_enabled[0m=true
[32mINFO [0m[11-19|06:26:58.134] Relayer metrics                          [32mtotal_processed[0m=1 [32mtime_since_last_event[0m=1h25m47.841395458s [32mpersistence_enabled[0m=true
[32mINFO [0m[11-19|06:27:28.141] Relayer metrics                          [32mtotal_processed[0m=1 [32mtime_since_last_event[0m=1h26m17.847188833s [32mpersistence_enabled[0m=true
[32mINFO [0m[11-19|06:27:58.141] Relayer metrics                          [32mtotal_processed[0m=1 [32mtime_since_last_event[0m=1h26m47.847103166s [32mpersistence_enabled[0m=true
[32mINFO [0m[11-19|06:28:28.135] Relayer metrics                          [32mtotal_processed[0m=1 [32mtime_since_last_event[0m=1h27m17.841431291s [32mpersistence_enabled[0m=true
[32mINFO [0m[11-19|06:28:58.143] Relayer metrics                          [32mtotal_processed[0m=1 [32mtime_since_last_event[0m=1h27m47.848857208s [32mpersistence_enabled[0m=true
[32mINFO [0m[11-19|06:29:28.149] Relayer metrics                          [32mtotal_processed[0m=1 [32mtime_since_last_event[0m=1h28m17.854598458s [32mpersistence_enabled[0m=true
[32mINFO [0m[11-19|06:29:58.140] Relayer metrics                          [32mtotal_processed[0m=1 [32mtime_since_last_event[0m=1h28m47.845150375s [32mpersistence_enabled[0m=true
[32mINFO [0m[11-19|06:30:28.139] Relayer metrics                          [32mtotal_processed[0m=1 [32mtime_since_last_event[0m=1h29m17.843586416s [32mpersistence_enabled[0m=true
[32mINFO [0m[11-19|06:30:58.148] Relayer metrics                          [32mtotal_processed[0m=1 [32mtime_since_last_event[0m=1h29m47.852545375s [32mpersistence_enabled[0m=true
[32mINFO [0m[11-19|06:31:28.139] Relayer metrics                          [32mtotal_processed[0m=1 [32mtime_since_last_event[0m=1h30m17.843601291s [32mpersistence_enabled[0m=true
[32mINFO [0m[11-19|06:31:58.141] Relayer metrics                          [32mtotal_processed[0m=1 [32mtime_since_last_event[0m=1h30m47.844958041s [32mpersistence_enabled[0m=true
[32mINFO [0m[11-19|06:32:28.143] Relayer metrics                          [32mtotal_processed[0m=1 [32mtime_since_last_event[0m=1h31m17.847005666s [32mpersistence_enabled[0m=true
[32mINFO [0m[11-19|06:32:58.505] Relayer metrics                          [32mtotal_processed[0m=1 [32mtime_since_last_event[0m=1h31m48.208700166s [32mpersistence_enabled[0m=true
[32mINFO [0m[11-19|06:33:28.166] Relayer metrics                          [32mtotal_processed[0m=1 [32mtime_since_last_event[0m=1h32m17.869024458s [32mpersistence_enabled[0m=true
[32mINFO [0m[11-19|06:33:58.148] Relayer metrics                          [32mtotal_processed[0m=1 [32mtime_since_last_event[0m=1h32m47.851141166s [32mpersistence_enabled[0m=true
[32mINFO [0m[11-19|06:34:28.153] Relayer metrics                          [32mtotal_processed[0m=1 [32mtime_since_last_event[0m=1h33m17.8556015s   [32mpersistence_enabled[0m=true
[32mINFO [0m[11-19|06:34:58.148] Relayer metrics                          [32mtotal_processed[0m=1 [32mtime_since_last_event[0m=1h33m47.85109175s  [32mpersistence_enabled[0m=true
[32mINFO [0m[11-19|06:35:28.142] Relayer metrics                          [32mtotal_processed[0m=1 [32mtime_since_last_event[0m=1h34m17.844732791s [32mpersistence_enabled[0m=true
[32mINFO [0m[11-19|06:35:58.139] Relayer metrics                          [32mtotal_processed[0m=1 [32mtime_since_last_event[0m=1h34m47.842208916s [32mpersistence_enabled[0m=true
[32mINFO [0m[11-19|06:36:28.139] Relayer metrics                          [32mtotal_processed[0m=1 [32mtime_since_last_event[0m=1h35m17.84180675s  [32mpersistence_enabled[0m=true
[32mINFO [0m[11-19|06:36:58.296] Relayer metrics                          [32mtotal_processed[0m=1 [32mtime_since_last_event[0m=1h35m47.998650625s [32mpersistence_enabled[0m=true
[32mINFO [0m[11-19|06:37:28.140] Relayer metrics                          [32mtotal_processed[0m=1 [32mtime_since_last_event[0m=1h36m17.842106708s [32mpersistence_enabled[0m=true
[32mINFO [0m[11-19|06:37:58.149] Relayer metrics                          [32mtotal_processed[0m=1 [32mtime_since_last_event[0m=1h36m47.851693375s [32mpersistence_enabled[0m=true
[32mINFO [0m[11-19|06:38:28.153] Relayer metrics                          [32mtotal_processed[0m=1 [32mtime_since_last_event[0m=1h37m17.855182166s [32mpersistence_enabled[0m=true
[32mINFO [0m[11-19|06:38:58.396] Relayer metrics                          [32mtotal_processed[0m=1 [32mtime_since_last_event[0m=1h37m48.097969625s [32mpersistence_enabled[0m=true
[32mINFO [0m[11-19|06:39:28.141] Relayer metrics                          [32mtotal_processed[0m=1 [32mtime_since_last_event[0m=1h38m17.842483083s [32mpersistence_enabled[0m=true
[32mINFO [0m[11-19|06:39:58.145] Relayer metrics                          [32mtotal_processed[0m=1 [32mtime_since_last_event[0m=1h38m47.84657425s  [32mpersistence_enabled[0m=true
[32mINFO [0m[11-19|06:40:28.143] Relayer metrics                          [32mtotal_processed[0m=1 [32mtime_since_last_event[0m=1h39m17.84412025s  [32mpersistence_enabled[0m=true
[32mINFO [0m[11-19|06:40:58.149] Relayer metrics                          [32mtotal_processed[0m=1 [32mtime_since_last_event[0m=1h39m47.849273083s [32mpersistence_enabled[0m=true
[32mINFO [0m[11-19|06:41:28.164] Relayer metrics                          [32mtotal_processed[0m=1 [32mtime_since_last_event[0m=1h40m17.863971875s [32mpersistence_enabled[0m=true
[32mINFO [0m[11-19|06:41:58.191] Relayer metrics                          [32mtotal_processed[0m=1 [32mtime_since_last_event[0m=1h40m47.890993958s [32mpersistence_enabled[0m=true
[32mINFO [0m[11-19|06:42:28.149] Relayer metrics                          [32mtotal_processed[0m=1 [32mtime_since_last_event[0m=1h41m17.848654666s [32mpersistence_enabled[0m=true
[32mINFO [0m[11-19|06:42:58.286] Relayer metrics                          [32mtotal_processed[0m=1 [32mtime_since_last_event[0m=1h41m47.986025958s [32mpersistence_enabled[0m=true
[32mINFO [0m[11-19|06:43:28.142] Relayer metrics                          [32mtotal_processed[0m=1 [32mtime_since_last_event[0m=1h42m17.840920083s [32mpersistence_enabled[0m=true
[32mINFO [0m[11-19|06:43:58.248] Relayer metrics                          [32mtotal_processed[0m=1 [32mtime_since_last_event[0m=1h42m47.947466333s [32mpersistence_enabled[0m=true
[32mINFO [0m[11-19|06:44:28.139] Relayer metrics                          [32mtotal_processed[0m=1 [32mtime_since_last_event[0m=1h43m17.837564s    [32mpersistence_enabled[0m=true
[32mINFO [0m[11-19|06:44:58.142] Relayer metrics                          [32mtotal_processed[0m=1 [32mtime_since_last_event[0m=1h43m47.840992666s [32mpersistence_enabled[0m=true
[32mINFO [0m[11-19|06:45:28.195] Relayer metrics                          [32mtotal_processed[0m=1 [32mtime_since_last_event[0m=1h44m17.893159375s [32mpersistence_enabled[0m=true
[32mINFO [0m[11-19|06:45:58.270] Relayer metrics                          [32mtotal_processed[0m=1 [32mtime_since_last_event[0m=1h44m47.967887s    [32mpersistence_enabled[0m=true
[32mINFO [0m[11-19|06:46:28.145] Relayer metrics                          [32mtotal_processed[0m=1 [32mtime_since_last_event[0m=1h45m17.843199875s [32mpersistence_enabled[0m=true
[32mINFO [0m[11-19|06:46:58.153] Relayer metrics                          [32mtotal_processed[0m=1 [32mtime_since_last_event[0m=1h45m47.850415708s [32mpersistence_enabled[0m=true
[32mINFO [0m[11-19|06:47:28.145] Relayer metrics                          [32mtotal_processed[0m=1 [32mtime_since_last_event[0m=1h46m17.842609458s [32mpersistence_enabled[0m=true
[32mINFO [0m[11-19|06:47:58.160] Relayer metrics                          [32mtotal_processed[0m=1 [32mtime_since_last_event[0m=1h46m47.857289083s [32mpersistence_enabled[0m=true
[32mINFO [0m[11-19|06:48:28.152] Relayer metrics                          [32mtotal_processed[0m=1 [32mtime_since_last_event[0m=1h47m17.848832583s [32mpersistence_enabled[0m=true
[32mINFO [0m[11-19|06:48:58.152] Relayer metrics                          [32mtotal_processed[0m=1 [32mtime_since_last_event[0m=1h47m47.848585875s [32mpersistence_enabled[0m=true
[32mINFO [0m[11-19|06:49:28.163] Relayer metrics                          [32mtotal_processed[0m=1 [32mtime_since_last_event[0m=1h48m17.859371666s [32mpersistence_enabled[0m=true
[32mINFO [0m[11-19|06:49:58.307] Relayer metrics                          [32mtotal_processed[0m=1 [32mtime_since_last_event[0m=1h48m48.003372916s [32mpersistence_enabled[0m=true
[32mINFO [0m[11-19|06:50:28.151] Relayer metrics                          [32mtotal_processed[0m=1 [32mtime_since_last_event[0m=1h49m17.847220833s [32mpersistence_enabled[0m=true
[32mINFO [0m[11-19|06:50:58.295] Relayer metrics                          [32mtotal_processed[0m=1 [32mtime_since_last_event[0m=1h49m47.990073375s [32mpersistence_enabled[0m=true
[32mINFO [0m[11-19|06:51:28.153] Relayer metrics                          [32mtotal_processed[0m=1 [32mtime_since_last_event[0m=1h50m17.847638875s [32mpersistence_enabled[0m=true
[32mINFO [0m[11-19|06:51:58.156] Relayer metrics                          [32mtotal_processed[0m=1 [32mtime_since_last_event[0m=1h50m47.850735375s [32mpersistence_enabled[0m=true
[32mINFO [0m[11-19|06:52:28.152] Relayer metrics                          [32mtotal_processed[0m=1 [32mtime_since_last_event[0m=1h51m17.846320625s [32mpersistence_enabled[0m=true
[32mINFO [0m[11-19|06:52:58.444] Relayer metrics                          [32mtotal_processed[0m=1 [32mtime_since_last_event[0m=1h51m48.138179083s [32mpersistence_enabled[0m=true
[32mINFO [0m[11-19|06:53:28.167] Relayer metrics                          [32mtotal_processed[0m=1 [32mtime_since_last_event[0m=1h52m17.860205875s [32mpersistence_enabled[0m=true
[32mINFO [0m[11-19|06:53:58.201] Relayer metrics                          [32mtotal_processed[0m=1 [32mtime_since_last_event[0m=1h52m47.894310958s [32mpersistence_enabled[0m=true
[32mINFO [0m[11-19|06:54:28.147] Relayer metrics                          [32mtotal_processed[0m=1 [32mtime_since_last_event[0m=1h53m17.839872166s [32mpersistence_enabled[0m=true
[32mINFO [0m[11-19|06:54:58.166] Relayer metrics                          [32mtotal_processed[0m=1 [32mtime_since_last_event[0m=1h53m47.858570375s [32mpersistence_enabled[0m=true
[32mINFO [0m[11-19|06:55:28.154] Relayer metrics                          [32mtotal_processed[0m=1 [32mtime_since_last_event[0m=1h54m17.846688958s [32mpersistence_enabled[0m=true
[32mINFO [0m[11-19|06:55:58.157] Relayer metrics                          [32mtotal_processed[0m=1 [32mtime_since_last_event[0m=1h54m47.849174333s [32mpersistence_enabled[0m=true
[32mINFO [0m[11-19|06:56:28.162] Relayer metrics                          [32mtotal_processed[0m=1 [32mtime_since_last_event[0m=1h55m17.853431708s [32mpersistence_enabled[0m=true
[32mINFO [0m[11-19|06:56:58.156] Relayer metrics                          [32mtotal_processed[0m=1 [32mtime_since_last_event[0m=1h55m47.84812125s  [32mpersistence_enabled[0m=true
[32mINFO [0m[11-19|06:57:28.152] Relayer metrics                          [32mtotal_processed[0m=1 [32mtime_since_last_event[0m=1h56m17.843874208s [32mpersistence_enabled[0m=true
[32mINFO [0m[11-19|06:57:58.160] Relayer metrics                          [32mtotal_processed[0m=1 [32mtime_since_last_event[0m=1h56m47.851360625s [32mpersistence_enabled[0m=true
[32mINFO [0m[11-19|06:58:28.151] Relayer metrics                          [32mtotal_processed[0m=1 [32mtime_since_last_event[0m=1h57m17.841967041s [32mpersistence_enabled[0m=true
[32mINFO [0m[11-19|06:58:58.154] Relayer metrics                          [32mtotal_processed[0m=1 [32mtime_since_last_event[0m=1h57m47.84438625s  [32mpersistence_enabled[0m=true
[32mINFO [0m[11-19|06:59:28.159] Relayer metrics                          [32mtotal_processed[0m=1 [32mtime_since_last_event[0m=1h58m17.84952475s  [32mpersistence_enabled[0m=true
[32mINFO [0m[11-19|06:59:58.157] Relayer metrics                          [32mtotal_processed[0m=1 [32mtime_since_last_event[0m=1h58m47.847147291s [32mpersistence_enabled[0m=true
[32mINFO [0m[11-19|07:00:28.154] Relayer metrics                          [32mtotal_processed[0m=1 [32mtime_since_last_event[0m=1h59m17.843844s    [32mpersistence_enabled[0m=true
[32mINFO [0m[11-19|07:00:58.179] Relayer metrics                          [32mtotal_processed[0m=1 [32mtime_since_last_event[0m=1h59m47.868853125s [32mpersistence_enabled[0m=true
[32mINFO [0m[11-19|07:01:28.156] Relayer metrics                          [32mtotal_processed[0m=1 [32mtime_since_last_event[0m=2h0m17.8452105s    [32mpersistence_enabled[0m=true
[32mINFO [0m[11-19|07:01:58.158] Relayer metrics                          [32mtotal_processed[0m=1 [32mtime_since_last_event[0m=2h0m47.847323458s  [32mpersistence_enabled[0m=true
[32mINFO [0m[11-19|07:02:28.183] Relayer metrics                          [32mtotal_processed[0m=1 [32mtime_since_last_event[0m=2h1m17.871792s     [32mpersistence_enabled[0m=true
[32mINFO [0m[11-19|07:02:58.219] Relayer metrics                          [32mtotal_processed[0m=1 [32mtime_since_last_event[0m=2h1m47.907188583s  [32mpersistence_enabled[0m=true
[32mINFO [0m[11-19|07:03:28.154] Relayer metrics                          [32mtotal_processed[0m=1 [32mtime_since_last_event[0m=2h2m17.841823041s  [32mpersistence_enabled[0m=true
[32mINFO [0m[11-19|07:03:58.166] Relayer metrics                          [32mtotal_processed[0m=1 [32mtime_since_last_event[0m=2h2m47.854281208s  [32mpersistence_enabled[0m=true
[32mINFO [0m[11-19|07:04:28.158] Relayer metrics                          [32mtotal_processed[0m=1 [32mtime_since_last_event[0m=2h3m17.845331666s  [32mpersistence_enabled[0m=true
[32mINFO [0m[11-19|07:04:58.172] Relayer metrics                          [32mtotal_processed[0m=1 [32mtime_since_last_event[0m=2h3m47.858983166s  [32mpersistence_enabled[0m=true
[32mINFO [0m[11-19|07:05:28.157] Relayer metrics                          [32mtotal_processed[0m=1 [32mtime_since_last_event[0m=2h4m17.844486958s  [32mpersistence_enabled[0m=true
[32mINFO [0m[11-19|07:05:58.162] Relayer metrics                          [32mtotal_processed[0m=1 [32mtime_since_last_event[0m=2h4m47.849119125s  [32mpersistence_enabled[0m=true
[32mINFO [0m[11-19|07:06:28.163] Relayer metrics                          [32mtotal_processed[0m=1 [32mtime_since_last_event[0m=2h5m17.850038666s  [32mpersistence_enabled[0m=true
[32mINFO [0m[11-19|07:06:58.158] Relayer metrics                          [32mtotal_processed[0m=1 [32mtime_since_last_event[0m=2h5m47.844429625s  [32mpersistence_enabled[0m=true
[32mINFO [0m[11-19|07:07:28.162] Relayer metrics                          [32mtotal_processed[0m=1 [32mtime_since_last_event[0m=2h6m17.858024291s  [32mpersistence_enabled[0m=true
[32mINFO [0m[11-19|07:07:58.144] Relayer metrics                          [32mtotal_processed[0m=1 [32mtime_since_last_event[0m=2h6m47.851000708s  [32mpersistence_enabled[0m=true
[32mINFO [0m[11-19|07:08:28.142] Relayer metrics                          [32mtotal_processed[0m=1 [32mtime_since_last_event[0m=2h7m17.850679958s  [32mpersistence_enabled[0m=true
[32mINFO [0m[11-19|07:08:58.136] Relayer metrics                          [32mtotal_processed[0m=1 [32mtime_since_last_event[0m=2h7m47.845440666s  [32mpersistence_enabled[0m=true
[32mINFO [0m[11-19|07:09:28.142] Relayer metrics                          [32mtotal_processed[0m=1 [32mtime_since_last_event[0m=2h8m17.850862791s  [32mpersistence_enabled[0m=true
[32mINFO [0m[11-19|07:09:58.155] Relayer metrics                          [32mtotal_processed[0m=1 [32mtime_since_last_event[0m=2h8m47.86392425s   [32mpersistence_enabled[0m=true
[32mINFO [0m[11-19|07:10:28.138] Relayer metrics                          [32mtotal_processed[0m=1 [32mtime_since_last_event[0m=2h9m17.847340958s  [32mpersistence_enabled[0m=true
[32mINFO [0m[11-19|07:10:58.135] Relayer metrics                          [32mtotal_processed[0m=1 [32mtime_since_last_event[0m=2h9m47.84342725s   [32mpersistence_enabled[0m=true
[32mINFO [0m[11-19|07:11:28.141] Relayer metrics                          [32mtotal_processed[0m=1 [32mtime_since_last_event[0m=2h10m17.849598375s [32mpersistence_enabled[0m=true
[32mINFO [0m[11-19|07:11:58.137] Relayer metrics                          [32mtotal_processed[0m=1 [32mtime_since_last_event[0m=2h10m47.845349916s [32mpersistence_enabled[0m=true
[32mINFO [0m[11-19|07:12:28.139] Relayer metrics                          [32mtotal_processed[0m=1 [32mtime_since_last_event[0m=2h11m17.847414625s [32mpersistence_enabled[0m=true
[32mINFO [0m[11-19|07:12:58.134] Relayer metrics                          [32mtotal_processed[0m=1 [32mtime_since_last_event[0m=2h11m47.841839708s [32mpersistence_enabled[0m=true
[32mINFO [0m[11-19|07:13:28.141] Relayer metrics                          [32mtotal_processed[0m=1 [32mtime_since_last_event[0m=2h12m17.849245208s [32mpersistence_enabled[0m=true
[32mINFO [0m[11-19|07:13:58.155] Relayer metrics                          [32mtotal_processed[0m=1 [32mtime_since_last_event[0m=2h12m47.862633708s [32mpersistence_enabled[0m=true
[32mINFO [0m[11-19|07:14:28.143] Relayer metrics                          [32mtotal_processed[0m=1 [32mtime_since_last_event[0m=2h13m17.850554208s [32mpersistence_enabled[0m=true
[32mINFO [0m[11-19|07:14:58.162] Relayer metrics                          [32mtotal_processed[0m=1 [32mtime_since_last_event[0m=2h13m47.869575166s [32mpersistence_enabled[0m=true
[32mINFO [0m[11-19|07:15:28.141] Relayer metrics                          [32mtotal_processed[0m=1 [32mtime_since_last_event[0m=2h14m17.848690125s [32mpersistence_enabled[0m=true
[32mINFO [0m[11-19|07:15:58.145] Relayer metrics                          [32mtotal_processed[0m=1 [32mtime_since_last_event[0m=2h14m47.852335541s [32mpersistence_enabled[0m=true
[32mINFO [0m[11-19|07:16:28.135] Relayer metrics                          [32mtotal_processed[0m=1 [32mtime_since_last_event[0m=2h15m17.842380583s [32mpersistence_enabled[0m=true
[32mINFO [0m[11-19|07:16:58.199] Relayer metrics                          [32mtotal_processed[0m=1 [32mtime_since_last_event[0m=2h15m47.913235708s [32mpersistence_enabled[0m=true
[32mINFO [0m[11-19|07:17:28.122] Relayer metrics                          [32mtotal_processed[0m=1 [32mtime_since_last_event[0m=2h16m17.860609708s [32mpersistence_enabled[0m=true
[32mINFO [0m[11-19|07:18:26.221] Relayer metrics                          [32mtotal_processed[0m=1 [32mtime_since_last_event[0m=2h16m47.917015625s [32mpersistence_enabled[0m=true
[32mINFO [0m[11-19|07:31:50.035] Relayer metrics                          [32mtotal_processed[0m=1 [32mtime_since_last_event[0m=2h17m18.684595291s [32mpersistence_enabled[0m=true
[32mINFO [0m[11-19|07:32:19.193] Relayer metrics                          [32mtotal_processed[0m=1 [32mtime_since_last_event[0m=2h17m47.842738833s [32mpersistence_enabled[0m=true
[32mINFO [0m[11-19|07:47:49.500] Relayer metrics                          [32mtotal_processed[0m=1 [32mtime_since_last_event[0m=2h18m17.967043875s [32mpersistence_enabled[0m=true
[32mINFO [0m[11-19|07:48:19.394] Relayer metrics                          [32mtotal_processed[0m=1 [32mtime_since_last_event[0m=2h18m47.861313291s [32mpersistence_enabled[0m=true
[32mINFO [0m[11-19|07:48:49.387] Relayer metrics                          [32mtotal_processed[0m=1 [32mtime_since_last_event[0m=2h19m17.853961791s [32mpersistence_enabled[0m=true
[32mINFO [0m[11-19|07:49:19.396] Relayer metrics                          [32mtotal_processed[0m=1 [32mtime_since_last_event[0m=2h19m47.86267925s  [32mpersistence_enabled[0m=true
[32mINFO [0m[11-19|07:49:49.393] Relayer metrics                          [32mtotal_processed[0m=1 [32mtime_since_last_event[0m=2h20m17.859321125s [32mpersistence_enabled[0m=true
[32mINFO [0m[11-19|07:50:19.389] Relayer metrics                          [32mtotal_processed[0m=1 [32mtime_since_last_event[0m=2h20m47.855366s    [32mpersistence_enabled[0m=true
[32mINFO [0m[11-19|07:50:49.387] Relayer metrics                          [32mtotal_processed[0m=1 [32mtime_since_last_event[0m=2h21m17.853070833s [32mpersistence_enabled[0m=true
[32mINFO [0m[11-19|07:51:19.380] Relayer metrics                          [32mtotal_processed[0m=1 [32mtime_since_last_event[0m=2h21m47.846146666s [32mpersistence_enabled[0m=true
[32mINFO [0m[11-19|07:51:49.382] Relayer metrics                          [32mtotal_processed[0m=1 [32mtime_since_last_event[0m=2h22m17.847469958s [32mpersistence_enabled[0m=true
[32mINFO [0m[11-19|07:52:19.384] Relayer metrics                          [32mtotal_processed[0m=1 [32mtime_since_last_event[0m=2h22m47.848820958s [32mpersistence_enabled[0m=true
[32mINFO [0m[11-19|07:52:49.380] Relayer metrics                          [32mtotal_processed[0m=1 [32mtime_since_last_event[0m=2h23m17.845341583s [32mpersistence_enabled[0m=true
[32mINFO [0m[11-19|07:53:19.383] Relayer metrics                          [32mtotal_processed[0m=1 [32mtime_since_last_event[0m=2h23m47.847803833s [32mpersistence_enabled[0m=true
[32mINFO [0m[11-19|07:53:49.584] Relayer metrics                          [32mtotal_processed[0m=1 [32mtime_since_last_event[0m=2h24m18.048405333s [32mpersistence_enabled[0m=true
[32mINFO [0m[11-19|07:54:19.387] Relayer metrics                          [32mtotal_processed[0m=1 [32mtime_since_last_event[0m=2h24m47.851359916s [32mpersistence_enabled[0m=true
[32mINFO [0m[11-19|07:54:49.439] Relayer metrics                          [32mtotal_processed[0m=1 [32mtime_since_last_event[0m=2h25m17.903526875s [32mpersistence_enabled[0m=true
[32mINFO [0m[11-19|07:55:19.380] Relayer metrics                          [32mtotal_processed[0m=1 [32mtime_since_last_event[0m=2h25m47.84382225s  [32mpersistence_enabled[0m=true
[32mINFO [0m[11-19|07:55:49.747] Relayer metrics                          [32mtotal_processed[0m=1 [32mtime_since_last_event[0m=2h26m18.21037775s  [32mpersistence_enabled[0m=true
[32mINFO [0m[11-19|07:56:19.386] Relayer metrics                          [32mtotal_processed[0m=1 [32mtime_since_last_event[0m=2h26m47.849501583s [32mpersistence_enabled[0m=true
[32mINFO [0m[11-19|07:56:49.430] Relayer metrics                          [32mtotal_processed[0m=1 [32mtime_since_last_event[0m=2h27m17.893623041s [32mpersistence_enabled[0m=true
[32mINFO [0m[11-19|07:57:19.392] Relayer metrics                          [32mtotal_processed[0m=1 [32mtime_since_last_event[0m=2h27m47.855192666s [32mpersistence_enabled[0m=true
[32mINFO [0m[11-19|07:57:49.377] Relayer metrics                          [32mtotal_processed[0m=1 [32mtime_since_last_event[0m=2h28m17.839554083s [32mpersistence_enabled[0m=true
[32mINFO [0m[11-19|07:58:19.389] Relayer metrics                          [32mtotal_processed[0m=1 [32mtime_since_last_event[0m=2h28m47.852310958s [32mpersistence_enabled[0m=true
[32mINFO [0m[11-19|07:58:49.386] Relayer metrics                          [32mtotal_processed[0m=1 [32mtime_since_last_event[0m=2h29m17.848170958s [32mpersistence_enabled[0m=true
[32mINFO [0m[11-19|07:59:19.385] Relayer metrics                          [32mtotal_processed[0m=1 [32mtime_since_last_event[0m=2h29m47.851236666s [32mpersistence_enabled[0m=true
[32mINFO [0m[11-19|07:59:49.379] Relayer metrics                          [32mtotal_processed[0m=1 [32mtime_since_last_event[0m=2h30m17.857767916s [32mpersistence_enabled[0m=true
[32mINFO [0m[11-19|08:00:19.365] Relayer metrics                          [32mtotal_processed[0m=1 [32mtime_since_last_event[0m=2h30m47.845145625s [32mpersistence_enabled[0m=true
[32mINFO [0m[11-19|08:00:49.373] Relayer metrics                          [32mtotal_processed[0m=1 [32mtime_since_last_event[0m=2h31m17.853889958s [32mpersistence_enabled[0m=true
[32mINFO [0m[11-19|08:01:19.377] Relayer metrics                          [32mtotal_processed[0m=1 [32mtime_since_last_event[0m=2h31m47.857839125s [32mpersistence_enabled[0m=true
[32mINFO [0m[11-19|08:01:49.368] Relayer metrics                          [32mtotal_processed[0m=1 [32mtime_since_last_event[0m=2h32m17.848291958s [32mpersistence_enabled[0m=true
[32mINFO [0m[11-19|08:02:19.375] Relayer metrics                          [32mtotal_processed[0m=1 [32mtime_since_last_event[0m=2h32m47.855531041s [32mpersistence_enabled[0m=true
[32mINFO [0m[11-19|08:02:49.369] Relayer metrics                          [32mtotal_processed[0m=1 [32mtime_since_last_event[0m=2h33m17.849277458s [32mpersistence_enabled[0m=true
[32mINFO [0m[11-19|08:03:19.371] Relayer metrics                          [32mtotal_processed[0m=1 [32mtime_since_last_event[0m=2h33m47.851395208s [32mpersistence_enabled[0m=true
[32mINFO [0m[11-19|08:03:49.365] Relayer metrics                          [32mtotal_processed[0m=1 [32mtime_since_last_event[0m=2h34m17.844868833s [32mpersistence_enabled[0m=true
[32mINFO [0m[11-19|08:04:19.366] Relayer metrics                          [32mtotal_processed[0m=1 [32mtime_since_last_event[0m=2h34m47.8461005s   [32mpersistence_enabled[0m=true
[32mINFO [0m[11-19|08:04:49.377] Relayer metrics                          [32mtotal_processed[0m=1 [32mtime_since_last_event[0m=2h35m17.856902625s [32mpersistence_enabled[0m=true
[32mINFO [0m[11-19|08:05:19.369] Relayer metrics                          [32mtotal_processed[0m=1 [32mtime_since_last_event[0m=2h35m47.849068875s [32mpersistence_enabled[0m=true
[32mINFO [0m[11-19|08:05:49.366] Relayer metrics                          [32mtotal_processed[0m=1 [32mtime_since_last_event[0m=2h36m17.845776s    [32mpersistence_enabled[0m=true
[32mINFO [0m[11-19|08:06:19.376] Relayer metrics                          [32mtotal_processed[0m=1 [32mtime_since_last_event[0m=2h36m47.855398625s [32mpersistence_enabled[0m=true
[32mINFO [0m[11-19|08:06:49.366] Relayer metrics                          [32mtotal_processed[0m=1 [32mtime_since_last_event[0m=2h37m17.845402291s [32mpersistence_enabled[0m=true
[32mINFO [0m[11-19|08:07:19.417] Relayer metrics                          [32mtotal_processed[0m=1 [32mtime_since_last_event[0m=2h37m47.896293208s [32mpersistence_enabled[0m=true
[32mINFO [0m[11-19|08:07:49.371] Relayer metrics                          [32mtotal_processed[0m=1 [32mtime_since_last_event[0m=2h38m17.850636125s [32mpersistence_enabled[0m=true
[32mINFO [0m[11-19|08:08:19.370] Relayer metrics                          [32mtotal_processed[0m=1 [32mtime_since_last_event[0m=2h38m47.849605708s [32mpersistence_enabled[0m=true
[32mINFO [0m[11-19|08:08:49.393] Relayer metrics                          [32mtotal_processed[0m=1 [32mtime_since_last_event[0m=2h39m17.871731625s [32mpersistence_enabled[0m=true
[32mINFO [0m[11-19|08:09:19.378] Relayer metrics                          [32mtotal_processed[0m=1 [32mtime_since_last_event[0m=2h39m47.856974375s [32mpersistence_enabled[0m=true
[32mINFO [0m[11-19|08:09:49.371] Relayer metrics                          [32mtotal_processed[0m=1 [32mtime_since_last_event[0m=2h40m17.850269333s [32mpersistence_enabled[0m=true
[32mINFO [0m[11-19|08:10:19.365] Relayer metrics                          [32mtotal_processed[0m=1 [32mtime_since_last_event[0m=2h40m47.843611875s [32mpersistence_enabled[0m=true
[32mINFO [0m[11-19|08:10:49.366] Relayer metrics                          [32mtotal_processed[0m=1 [32mtime_since_last_event[0m=2h41m17.844747708s [32mpersistence_enabled[0m=true
[32mINFO [0m[11-19|08:11:19.372] Relayer metrics                          [32mtotal_processed[0m=1 [32mtime_since_last_event[0m=2h41m47.851003875s [32mpersistence_enabled[0m=true
[32mINFO [0m[11-19|08:11:49.446] Relayer metrics                          [32mtotal_processed[0m=1 [32mtime_since_last_event[0m=2h42m17.92404325s  [32mpersistence_enabled[0m=true
[32mINFO [0m[11-19|08:12:19.590] Relayer metrics                          [32mtotal_processed[0m=1 [32mtime_since_last_event[0m=2h42m48.068243291s [32mpersistence_enabled[0m=true
[32mINFO [0m[11-19|08:12:49.370] Relayer metrics                          [32mtotal_processed[0m=1 [32mtime_since_last_event[0m=2h43m17.847869708s [32mpersistence_enabled[0m=true
[32mINFO [0m[11-19|08:13:19.371] Relayer metrics                          [32mtotal_processed[0m=1 [32mtime_since_last_event[0m=2h43m47.849561625s [32mpersistence_enabled[0m=true
[32mINFO [0m[11-19|08:13:49.367] Relayer metrics                          [32mtotal_processed[0m=1 [32mtime_since_last_event[0m=2h44m17.845095541s [32mpersistence_enabled[0m=true
[32mINFO [0m[11-19|08:14:19.375] Relayer metrics                          [32mtotal_processed[0m=1 [32mtime_since_last_event[0m=2h44m47.853093916s [32mpersistence_enabled[0m=true
[32mINFO [0m[11-19|08:14:49.369] Relayer metrics                          [32mtotal_processed[0m=1 [32mtime_since_last_event[0m=2h45m17.846937666s [32mpersistence_enabled[0m=true
[32mINFO [0m[11-19|08:15:19.379] Relayer metrics                          [32mtotal_processed[0m=1 [32mtime_since_last_event[0m=2h45m47.851305916s [32mpersistence_enabled[0m=true
[32mINFO [0m[11-19|08:15:49.400] Relayer metrics                          [32mtotal_processed[0m=1 [32mtime_since_last_event[0m=2h46m17.852530166s [32mpersistence_enabled[0m=true
[32mINFO [0m[11-19|08:16:19.410] Relayer metrics                          [32mtotal_processed[0m=1 [32mtime_since_last_event[0m=2h46m47.858636166s [32mpersistence_enabled[0m=true
[32mINFO [0m[11-19|08:16:49.399] Relayer metrics                          [32mtotal_processed[0m=1 [32mtime_since_last_event[0m=2h47m17.8469065s   [32mpersistence_enabled[0m=true
[32mINFO [0m[11-19|08:17:19.401] Relayer metrics                          [32mtotal_processed[0m=1 [32mtime_since_last_event[0m=2h47m47.849413541s [32mpersistence_enabled[0m=true
[32mINFO [0m[11-19|08:17:49.445] Relayer metrics                          [32mtotal_processed[0m=1 [32mtime_since_last_event[0m=2h48m17.892719166s [32mpersistence_enabled[0m=true
[32mINFO [0m[11-19|08:18:19.805] Relayer metrics                          [32mtotal_processed[0m=1 [32mtime_since_last_event[0m=2h48m48.252600083s [32mpersistence_enabled[0m=true
[32mINFO [0m[11-19|08:18:49.407] Relayer metrics                          [32mtotal_processed[0m=1 [32mtime_since_last_event[0m=2h49m17.85427575s  [32mpersistence_enabled[0m=true
[32mINFO [0m[11-19|08:19:19.403] Relayer metrics                          [32mtotal_processed[0m=1 [32mtime_since_last_event[0m=2h49m47.849818375s [32mpersistence_enabled[0m=true
[32mINFO [0m[11-19|08:19:49.399] Relayer metrics                          [32mtotal_processed[0m=1 [32mtime_since_last_event[0m=2h50m17.845778666s [32mpersistence_enabled[0m=true
[32mINFO [0m[11-19|08:20:19.400] Relayer metrics                          [32mtotal_processed[0m=1 [32mtime_since_last_event[0m=2h50m47.845919916s [32mpersistence_enabled[0m=true
[32mINFO [0m[11-19|08:20:49.399] Relayer metrics                          [32mtotal_processed[0m=1 [32mtime_since_last_event[0m=2h51m17.844750125s [32mpersistence_enabled[0m=true
[32mINFO [0m[11-19|08:21:19.403] Relayer metrics                          [32mtotal_processed[0m=1 [32mtime_since_last_event[0m=2h51m47.848426s    [32mpersistence_enabled[0m=true
[32mINFO [0m[11-19|08:21:49.406] Relayer metrics                          [32mtotal_processed[0m=1 [32mtime_since_last_event[0m=2h52m17.851351916s [32mpersistence_enabled[0m=true
[32mINFO [0m[11-19|08:22:19.405] Relayer metrics                          [32mtotal_processed[0m=1 [32mtime_since_last_event[0m=2h52m47.850473666s [32mpersistence_enabled[0m=true
[32mINFO [0m[11-19|08:22:49.423] Relayer metrics                          [32mtotal_processed[0m=1 [32mtime_since_last_event[0m=2h53m17.868341041s [32mpersistence_enabled[0m=true
[32mINFO [0m[11-19|08:23:19.404] Relayer metrics                          [32mtotal_processed[0m=1 [32mtime_since_last_event[0m=2h53m47.849137416s [32mpersistence_enabled[0m=true
[32mINFO [0m[11-19|08:23:49.455] Relayer metrics                          [32mtotal_processed[0m=1 [32mtime_since_last_event[0m=2h54m17.899874s    [32mpersistence_enabled[0m=true
[32mINFO [0m[11-19|08:24:19.422] Relayer metrics                          [32mtotal_processed[0m=1 [32mtime_since_last_event[0m=2h54m47.866390875s [32mpersistence_enabled[0m=true
[32mINFO [0m[11-19|08:24:49.402] Relayer metrics                          [32mtotal_processed[0m=1 [32mtime_since_last_event[0m=2h55m17.846192791s [32mpersistence_enabled[0m=true
[32mINFO [0m[11-19|08:25:19.416] Relayer metrics                          [32mtotal_processed[0m=1 [32mtime_since_last_event[0m=2h55m47.859943458s [32mpersistence_enabled[0m=true
[32mINFO [0m[11-19|08:25:49.407] Relayer metrics                          [32mtotal_processed[0m=1 [32mtime_since_last_event[0m=2h56m17.85034575s  [32mpersistence_enabled[0m=true
[32mINFO [0m[11-19|08:26:19.430] Relayer metrics                          [32mtotal_processed[0m=1 [32mtime_since_last_event[0m=2h56m47.873190458s [32mpersistence_enabled[0m=true
[32mINFO [0m[11-19|08:26:49.474] Relayer metrics                          [32mtotal_processed[0m=1 [32mtime_since_last_event[0m=2h57m17.917188083s [32mpersistence_enabled[0m=true
[32mINFO [0m[11-19|08:27:19.412] Relayer metrics                          [32mtotal_processed[0m=1 [32mtime_since_last_event[0m=2h57m47.854979708s [32mpersistence_enabled[0m=true
[32mINFO [0m[11-19|08:27:49.406] Relayer metrics                          [32mtotal_processed[0m=1 [32mtime_since_last_event[0m=2h58m17.848295125s [32mpersistence_enabled[0m=true
[32mINFO [0m[11-19|08:28:19.407] Relayer metrics                          [32mtotal_processed[0m=1 [32mtime_since_last_event[0m=2h58m47.849021583s [32mpersistence_enabled[0m=true
[32mINFO [0m[11-19|08:28:49.406] Relayer metrics                          [32mtotal_processed[0m=1 [32mtime_since_last_event[0m=2h59m17.847504833s [32mpersistence_enabled[0m=true
[32mINFO [0m[11-19|08:29:19.405] Relayer metrics                          [32mtotal_processed[0m=1 [32mtime_since_last_event[0m=2h59m47.846342s    [32mpersistence_enabled[0m=true
[32mINFO [0m[11-19|08:29:49.551] Relayer metrics                          [32mtotal_processed[0m=1 [32mtime_since_last_event[0m=3h0m17.992519333s  [32mpersistence_enabled[0m=true
[32mINFO [0m[11-19|08:30:19.415] Relayer metrics                          [32mtotal_processed[0m=1 [32mtime_since_last_event[0m=3h0m47.856323583s  [32mpersistence_enabled[0m=true
[32mINFO [0m[11-19|08:30:49.412] Relayer metrics                          [32mtotal_processed[0m=1 [32mtime_since_last_event[0m=3h1m17.853256958s  [32mpersistence_enabled[0m=true
[32mINFO [0m[11-19|08:31:19.405] Relayer metrics                          [32mtotal_processed[0m=1 [32mtime_since_last_event[0m=3h1m47.850173708s  [32mpersistence_enabled[0m=true
[32mINFO [0m[11-19|08:31:49.392] Relayer metrics                          [32mtotal_processed[0m=1 [32mtime_since_last_event[0m=3h2m17.854051041s  [32mpersistence_enabled[0m=true
[32mINFO [0m[11-19|08:32:19.387] Relayer metrics                          [32mtotal_processed[0m=1 [32mtime_since_last_event[0m=3h2m47.851013291s  [32mpersistence_enabled[0m=true
[32mINFO [0m[11-19|08:32:49.381] Relayer metrics                          [32mtotal_processed[0m=1 [32mtime_since_last_event[0m=3h3m17.845298s     [32mpersistence_enabled[0m=true
[32mINFO [0m[11-19|08:33:19.385] Relayer metrics                          [32mtotal_processed[0m=1 [32mtime_since_last_event[0m=3h3m47.849322333s  [32mpersistence_enabled[0m=true
[32mINFO [0m[11-19|08:33:49.383] Relayer metrics                          [32mtotal_processed[0m=1 [32mtime_since_last_event[0m=3h4m17.847291833s  [32mpersistence_enabled[0m=true
[32mINFO [0m[11-19|08:34:19.379] Relayer metrics                          [32mtotal_processed[0m=1 [32mtime_since_last_event[0m=3h4m47.842913291s  [32mpersistence_enabled[0m=true
[32mINFO [0m[11-19|08:34:49.396] Relayer metrics                          [32mtotal_processed[0m=1 [32mtime_since_last_event[0m=3h5m17.860107625s  [32mpersistence_enabled[0m=true
[32mINFO [0m[11-19|08:35:19.385] Relayer metrics                          [32mtotal_processed[0m=1 [32mtime_since_last_event[0m=3h5m47.848784083s  [32mpersistence_enabled[0m=true
[32mINFO [0m[11-19|08:35:49.385] Relayer metrics                          [32mtotal_processed[0m=1 [32mtime_since_last_event[0m=3h6m17.84867425s   [32mpersistence_enabled[0m=true
[32mINFO [0m[11-19|08:36:19.388] Relayer metrics                          [32mtotal_processed[0m=1 [32mtime_since_last_event[0m=3h6m47.852049541s  [32mpersistence_enabled[0m=true
[32mINFO [0m[11-19|08:36:49.432] Relayer metrics                          [32mtotal_processed[0m=1 [32mtime_since_last_event[0m=3h7m17.89594625s   [32mpersistence_enabled[0m=true
[32mINFO [0m[11-19|08:37:19.381] Relayer metrics                          [32mtotal_processed[0m=1 [32mtime_since_last_event[0m=3h7m47.844929666s  [32mpersistence_enabled[0m=true
[32mINFO [0m[11-19|08:37:49.383] Relayer metrics                          [32mtotal_processed[0m=1 [32mtime_since_last_event[0m=3h8m17.846808333s  [32mpersistence_enabled[0m=true
[32mINFO [0m[11-19|08:38:19.441] Relayer metrics                          [32mtotal_processed[0m=1 [32mtime_since_last_event[0m=3h8m47.904745416s  [32mpersistence_enabled[0m=true
[32mINFO [0m[11-19|08:38:49.389] Relayer metrics                          [32mtotal_processed[0m=1 [32mtime_since_last_event[0m=3h9m17.852692708s  [32mpersistence_enabled[0m=true
[32mINFO [0m[11-19|08:39:19.383] Relayer metrics                          [32mtotal_processed[0m=1 [32mtime_since_last_event[0m=3h9m47.846323208s  [32mpersistence_enabled[0m=true
[32mINFO [0m[11-19|08:39:49.390] Relayer metrics                          [32mtotal_processed[0m=1 [32mtime_since_last_event[0m=3h10m17.853229041s [32mpersistence_enabled[0m=true
[32mINFO [0m[11-19|08:40:19.387] Relayer metrics                          [32mtotal_processed[0m=1 [32mtime_since_last_event[0m=3h10m47.850366083s [32mpersistence_enabled[0m=true
[32mINFO [0m[11-19|08:40:49.394] Relayer metrics                          [32mtotal_processed[0m=1 [32mtime_since_last_event[0m=3h11m17.857086875s [32mpersistence_enabled[0m=true
[32mINFO [0m[11-19|08:41:19.391] Relayer metrics                          [32mtotal_processed[0m=1 [32mtime_since_last_event[0m=3h11m47.853286833s [32mpersistence_enabled[0m=true
[32mINFO [0m[11-19|08:41:49.443] Relayer metrics                          [32mtotal_processed[0m=1 [32mtime_since_last_event[0m=3h12m17.906000208s [32mpersistence_enabled[0m=true
[32mINFO [0m[11-19|08:42:19.384] Relayer metrics                          [32mtotal_processed[0m=1 [32mtime_since_last_event[0m=3h12m47.84660175s  [32mpersistence_enabled[0m=true
[32mINFO [0m[11-19|08:42:49.386] Relayer metrics                          [32mtotal_processed[0m=1 [32mtime_since_last_event[0m=3h13m17.848439166s [32mpersistence_enabled[0m=true
[32mINFO [0m[11-19|08:43:19.392] Relayer metrics                          [32mtotal_processed[0m=1 [32mtime_since_last_event[0m=3h13m47.854123333s [32mpersistence_enabled[0m=true
[32mINFO [0m[11-19|08:43:49.383] Relayer metrics                          [32mtotal_processed[0m=1 [32mtime_since_last_event[0m=3h14m17.845268208s [32mpersistence_enabled[0m=true
[32mINFO [0m[11-19|08:44:19.390] Relayer metrics                          [32mtotal_processed[0m=1 [32mtime_since_last_event[0m=3h14m47.851844875s [32mpersistence_enabled[0m=true
[32mINFO [0m[11-19|08:44:49.384] Relayer metrics                          [32mtotal_processed[0m=1 [32mtime_since_last_event[0m=3h15m17.846027041s [32mpersistence_enabled[0m=true
[32mINFO [0m[11-19|08:45:19.383] Relayer metrics                          [32mtotal_processed[0m=1 [32mtime_since_last_event[0m=3h15m47.844883625s [32mpersistence_enabled[0m=true
[32mINFO [0m[11-19|08:45:49.386] Relayer metrics                          [32mtotal_processed[0m=1 [32mtime_since_last_event[0m=3h16m17.847857208s [32mpersistence_enabled[0m=true
[32mINFO [0m[11-19|08:46:19.387] Relayer metrics                          [32mtotal_processed[0m=1 [32mtime_since_last_event[0m=3h16m47.848762166s [32mpersistence_enabled[0m=true
[32mINFO [0m[11-19|08:46:49.387] Relayer metrics                          [32mtotal_processed[0m=1 [32mtime_since_last_event[0m=3h17m17.847971291s [32mpersistence_enabled[0m=true
[32mINFO [0m[11-19|08:47:19.381] Relayer metrics                          [32mtotal_processed[0m=1 [32mtime_since_last_event[0m=3h17m47.846487791s [32mpersistence_enabled[0m=true
[32mINFO [0m[11-19|08:47:49.377] Relayer metrics                          [32mtotal_processed[0m=1 [32mtime_since_last_event[0m=3h18m17.855201s    [32mpersistence_enabled[0m=true
[32mINFO [0m[11-19|08:48:19.390] Relayer metrics                          [32mtotal_processed[0m=1 [32mtime_since_last_event[0m=3h18m47.8695685s   [32mpersistence_enabled[0m=true
[32mINFO [0m[11-19|08:48:49.579] Relayer metrics                          [32mtotal_processed[0m=1 [32mtime_since_last_event[0m=3h19m18.058865291s [32mpersistence_enabled[0m=true
[32mINFO [0m[11-19|08:49:19.367] Relayer metrics                          [32mtotal_processed[0m=1 [32mtime_since_last_event[0m=3h19m47.847579583s [32mpersistence_enabled[0m=true
[32mINFO [0m[11-19|08:49:49.377] Relayer metrics                          [32mtotal_processed[0m=1 [32mtime_since_last_event[0m=3h20m17.857246958s [32mpersistence_enabled[0m=true
[32mINFO [0m[11-19|08:50:19.365] Relayer metrics                          [32mtotal_processed[0m=1 [32mtime_since_last_event[0m=3h20m47.845416916s [32mpersistence_enabled[0m=true
[32mINFO [0m[11-19|08:50:49.368] Relayer metrics                          [32mtotal_processed[0m=1 [32mtime_since_last_event[0m=3h21m17.848583416s [32mpersistence_enabled[0m=true
[32mINFO [0m[11-19|08:51:19.366] Relayer metrics                          [32mtotal_processed[0m=1 [32mtime_since_last_event[0m=3h21m47.846562375s [32mpersistence_enabled[0m=true
[32mINFO [0m[11-19|08:51:49.367] Relayer metrics                          [32mtotal_processed[0m=1 [32mtime_since_last_event[0m=3h22m17.847575s    [32mpersistence_enabled[0m=true
[32mINFO [0m[11-19|08:52:19.388] Relayer metrics                          [32mtotal_processed[0m=1 [32mtime_since_last_event[0m=3h22m47.868508125s [32mpersistence_enabled[0m=true
[32mINFO [0m[11-19|08:52:49.414] Relayer metrics                          [32mtotal_processed[0m=1 [32mtime_since_last_event[0m=3h23m17.894662833s [32mpersistence_enabled[0m=true
[32mINFO [0m[11-19|08:53:19.463] Relayer metrics                          [32mtotal_processed[0m=1 [32mtime_since_last_event[0m=3h23m47.942993958s [32mpersistence_enabled[0m=true
[32mINFO [0m[11-19|08:53:49.359] Relayer metrics                          [32mtotal_processed[0m=1 [32mtime_since_last_event[0m=3h24m17.839191833s [32mpersistence_enabled[0m=true
[32mINFO [0m[11-19|08:54:19.372] Relayer metrics                          [32mtotal_processed[0m=1 [32mtime_since_last_event[0m=3h24m47.852168666s [32mpersistence_enabled[0m=true
[32mINFO [0m[11-19|08:54:49.367] Relayer metrics                          [32mtotal_processed[0m=1 [32mtime_since_last_event[0m=3h25m17.846915416s [32mpersistence_enabled[0m=true
[32mINFO [0m[11-19|08:55:19.367] Relayer metrics                          [32mtotal_processed[0m=1 [32mtime_since_last_event[0m=3h25m47.84732825s  [32mpersistence_enabled[0m=true
[32mINFO [0m[11-19|08:55:49.366] Relayer metrics                          [32mtotal_processed[0m=1 [32mtime_since_last_event[0m=3h26m17.845966541s [32mpersistence_enabled[0m=true
[32mINFO [0m[11-19|08:56:19.365] Relayer metrics                          [32mtotal_processed[0m=1 [32mtime_since_last_event[0m=3h26m47.845511708s [32mpersistence_enabled[0m=true
[32mINFO [0m[11-19|08:56:49.367] Relayer metrics                          [32mtotal_processed[0m=1 [32mtime_since_last_event[0m=3h27m17.847672625s [32mpersistence_enabled[0m=true
[32mINFO [0m[11-19|08:57:19.384] Relayer metrics                          [32mtotal_processed[0m=1 [32mtime_since_last_event[0m=3h27m47.8639095s   [32mpersistence_enabled[0m=true
[32mINFO [0m[11-19|08:57:49.364] Relayer metrics                          [32mtotal_processed[0m=1 [32mtime_since_last_event[0m=3h28m17.844311791s [32mpersistence_enabled[0m=true
[32mINFO [0m[11-19|08:58:19.367] Relayer metrics                          [32mtotal_processed[0m=1 [32mtime_since_last_event[0m=3h28m47.847635125s [32mpersistence_enabled[0m=true
[32mINFO [0m[11-19|08:58:49.369] Relayer metrics                          [32mtotal_processed[0m=1 [32mtime_since_last_event[0m=3h29m17.849546s    [32mpersistence_enabled[0m=true
[32mINFO [0m[11-19|08:59:19.373] Relayer metrics                          [32mtotal_processed[0m=1 [32mtime_since_last_event[0m=3h29m47.852789958s [32mpersistence_enabled[0m=true
[32mINFO [0m[11-19|08:59:49.364] Relayer metrics                          [32mtotal_processed[0m=1 [32mtime_since_last_event[0m=3h30m17.844406625s [32mpersistence_enabled[0m=true
[32mINFO [0m[11-19|09:00:19.367] Relayer metrics                          [32mtotal_processed[0m=1 [32mtime_since_last_event[0m=3h30m47.847184708s [32mpersistence_enabled[0m=true
[32mINFO [0m[11-19|09:00:49.365] Relayer metrics                          [32mtotal_processed[0m=1 [32mtime_since_last_event[0m=3h31m17.845236791s [32mpersistence_enabled[0m=true
[32mINFO [0m[11-19|09:01:19.368] Relayer metrics                          [32mtotal_processed[0m=1 [32mtime_since_last_event[0m=3h31m47.8478045s   [32mpersistence_enabled[0m=true
[32mINFO [0m[11-19|09:01:49.366] Relayer metrics                          [32mtotal_processed[0m=1 [32mtime_since_last_event[0m=3h32m17.846586s    [32mpersistence_enabled[0m=true
[32mINFO [0m[11-19|09:02:19.372] Relayer metrics                          [32mtotal_processed[0m=1 [32mtime_since_last_event[0m=3h32m47.85239275s  [32mpersistence_enabled[0m=true
[32mINFO [0m[11-19|09:02:49.364] Relayer metrics                          [32mtotal_processed[0m=1 [32mtime_since_last_event[0m=3h33m17.844704041s [32mpersistence_enabled[0m=true
[32mINFO [0m[11-19|09:03:19.371] Relayer metrics                          [32mtotal_processed[0m=1 [32mtime_since_last_event[0m=3h33m47.8490615s   [32mpersistence_enabled[0m=true
[32mINFO [0m[11-19|09:03:49.432] Relayer metrics                          [32mtotal_processed[0m=1 [32mtime_since_last_event[0m=3h34m17.901734583s [32mpersistence_enabled[0m=true
[32mINFO [0m[11-19|09:04:19.432] Relayer metrics                          [32mtotal_processed[0m=1 [32mtime_since_last_event[0m=3h34m47.9005595s   [32mpersistence_enabled[0m=true
[32mINFO [0m[11-19|09:04:49.378] Relayer metrics                          [32mtotal_processed[0m=1 [32mtime_since_last_event[0m=3h35m17.846747166s [32mpersistence_enabled[0m=true
[32mINFO [0m[11-19|09:05:19.373] Relayer metrics                          [32mtotal_processed[0m=1 [32mtime_since_last_event[0m=3h35m47.841680208s [32mpersistence_enabled[0m=true
[32mINFO [0m[11-19|09:05:49.448] Relayer metrics                          [32mtotal_processed[0m=1 [32mtime_since_last_event[0m=3h36m17.916358041s [32mpersistence_enabled[0m=true
[32mINFO [0m[11-19|09:06:19.382] Relayer metrics                          [32mtotal_processed[0m=1 [32mtime_since_last_event[0m=3h36m47.850007208s [32mpersistence_enabled[0m=true
[32mINFO [0m[11-19|09:06:49.389] Relayer metrics                          [32mtotal_processed[0m=1 [32mtime_since_last_event[0m=3h37m17.857868083s [32mpersistence_enabled[0m=true
[32mINFO [0m[11-19|09:07:19.375] Relayer metrics                          [32mtotal_processed[0m=1 [32mtime_since_last_event[0m=3h37m47.843655541s [32mpersistence_enabled[0m=true
[32mINFO [0m[11-19|09:07:49.381] Relayer metrics                          [32mtotal_processed[0m=1 [32mtime_since_last_event[0m=3h38m17.848868041s [32mpersistence_enabled[0m=true
[32mINFO [0m[11-19|09:08:19.377] Relayer metrics                          [32mtotal_processed[0m=1 [32mtime_since_last_event[0m=3h38m47.845517541s [32mpersistence_enabled[0m=true
[32mINFO [0m[11-19|09:08:49.387] Relayer metrics                          [32mtotal_processed[0m=1 [32mtime_since_last_event[0m=3h39m17.854934666s [32mpersistence_enabled[0m=true
[32mINFO [0m[11-19|09:09:19.487] Relayer metrics                          [32mtotal_processed[0m=1 [32mtime_since_last_event[0m=3h39m47.95525525s  [32mpersistence_enabled[0m=true
[32mINFO [0m[11-19|09:09:49.374] Relayer metrics                          [32mtotal_processed[0m=1 [32mtime_since_last_event[0m=3h40m17.841534916s [32mpersistence_enabled[0m=true
[32mINFO [0m[11-19|09:10:19.379] Relayer metrics                          [32mtotal_processed[0m=1 [32mtime_since_last_event[0m=3h40m47.847108083s [32mpersistence_enabled[0m=true
[32mINFO [0m[11-19|09:10:49.388] Relayer metrics                          [32mtotal_processed[0m=1 [32mtime_since_last_event[0m=3h41m17.855662666s [32mpersistence_enabled[0m=true
[32mINFO [0m[11-19|09:11:19.379] Relayer metrics                          [32mtotal_processed[0m=1 [32mtime_since_last_event[0m=3h41m47.846963708s [32mpersistence_enabled[0m=true
[32mINFO [0m[11-19|09:11:49.377] Relayer metrics                          [32mtotal_processed[0m=1 [32mtime_since_last_event[0m=3h42m17.844342625s [32mpersistence_enabled[0m=true
[32mINFO [0m[11-19|09:12:19.382] Relayer metrics                          [32mtotal_processed[0m=1 [32mtime_since_last_event[0m=3h42m47.849728208s [32mpersistence_enabled[0m=true
[32mINFO [0m[11-19|09:12:49.391] Relayer metrics                          [32mtotal_processed[0m=1 [32mtime_since_last_event[0m=3h43m17.858475041s [32mpersistence_enabled[0m=true
[32mINFO [0m[11-19|09:13:19.381] Relayer metrics                          [32mtotal_processed[0m=1 [32mtime_since_last_event[0m=3h43m47.848652333s [32mpersistence_enabled[0m=true
[32mINFO [0m[11-19|09:13:49.381] Relayer metrics                          [32mtotal_processed[0m=1 [32mtime_since_last_event[0m=3h44m17.848331666s [32mpersistence_enabled[0m=true
[32mINFO [0m[11-19|09:14:19.379] Relayer metrics                          [32mtotal_processed[0m=1 [32mtime_since_last_event[0m=3h44m47.846198416s [32mpersistence_enabled[0m=true
[32mINFO [0m[11-19|09:14:49.380] Relayer metrics                          [32mtotal_processed[0m=1 [32mtime_since_last_event[0m=3h45m17.846927791s [32mpersistence_enabled[0m=true
[32mINFO [0m[11-19|09:15:19.385] Relayer metrics                          [32mtotal_processed[0m=1 [32mtime_since_last_event[0m=3h45m47.852164666s [32mpersistence_enabled[0m=true
[32mINFO [0m[11-19|09:15:49.374] Relayer metrics                          [32mtotal_processed[0m=1 [32mtime_since_last_event[0m=3h46m17.840832583s [32mpersistence_enabled[0m=true
[32mINFO [0m[11-19|09:16:19.387] Relayer metrics                          [32mtotal_processed[0m=1 [32mtime_since_last_event[0m=3h46m47.853761375s [32mpersistence_enabled[0m=true
[32mINFO [0m[11-19|09:16:49.379] Relayer metrics                          [32mtotal_processed[0m=1 [32mtime_since_last_event[0m=3h47m17.845795083s [32mpersistence_enabled[0m=true
[32mINFO [0m[11-19|09:17:19.381] Relayer metrics                          [32mtotal_processed[0m=1 [32mtime_since_last_event[0m=3h47m47.848061125s [32mpersistence_enabled[0m=true
[32mINFO [0m[11-19|09:17:49.384] Relayer metrics                          [32mtotal_processed[0m=1 [32mtime_since_last_event[0m=3h48m17.85062625s  [32mpersistence_enabled[0m=true
[32mINFO [0m[11-19|09:18:19.414] Relayer metrics                          [32mtotal_processed[0m=1 [32mtime_since_last_event[0m=3h48m47.881055s    [32mpersistence_enabled[0m=true
[32mINFO [0m[11-19|09:18:49.390] Relayer metrics                          [32mtotal_processed[0m=1 [32mtime_since_last_event[0m=3h49m17.856784333s [32mpersistence_enabled[0m=true
[32mINFO [0m[11-19|09:19:19.454] Relayer metrics                          [32mtotal_processed[0m=1 [32mtime_since_last_event[0m=3h49m47.9140495s   [32mpersistence_enabled[0m=true
[32mINFO [0m[11-19|09:19:49.402] Relayer metrics                          [32mtotal_processed[0m=1 [32mtime_since_last_event[0m=3h50m17.842634333s [32mpersistence_enabled[0m=true
[32mINFO [0m[11-19|09:20:19.410] Relayer metrics                          [32mtotal_processed[0m=1 [32mtime_since_last_event[0m=3h50m47.847286958s [32mpersistence_enabled[0m=true
[32mINFO [0m[11-19|09:20:49.428] Relayer metrics                          [32mtotal_processed[0m=1 [32mtime_since_last_event[0m=3h51m17.865151833s [32mpersistence_enabled[0m=true
[32mINFO [0m[11-19|09:21:19.409] Relayer metrics                          [32mtotal_processed[0m=1 [32mtime_since_last_event[0m=3h51m47.845552375s [32mpersistence_enabled[0m=true
[32mINFO [0m[11-19|09:21:49.412] Relayer metrics                          [32mtotal_processed[0m=1 [32mtime_since_last_event[0m=3h52m17.848008541s [32mpersistence_enabled[0m=true
[32mINFO [0m[11-19|09:22:19.411] Relayer metrics                          [32mtotal_processed[0m=1 [32mtime_since_last_event[0m=3h52m47.847074458s [32mpersistence_enabled[0m=true
[32mINFO [0m[11-19|09:22:49.413] Relayer metrics                          [32mtotal_processed[0m=1 [32mtime_since_last_event[0m=3h53m17.848724416s [32mpersistence_enabled[0m=true
[32mINFO [0m[11-19|09:23:19.414] Relayer metrics                          [32mtotal_processed[0m=1 [32mtime_since_last_event[0m=3h53m47.84971825s  [32mpersistence_enabled[0m=true
[32mINFO [0m[11-19|09:23:49.485] Relayer metrics                          [32mtotal_processed[0m=1 [32mtime_since_last_event[0m=3h54m17.920585958s [32mpersistence_enabled[0m=true
[32mINFO [0m[11-19|09:24:19.417] Relayer metrics                          [32mtotal_processed[0m=1 [32mtime_since_last_event[0m=3h54m47.851676791s [32mpersistence_enabled[0m=true
[32mINFO [0m[11-19|09:24:49.416] Relayer metrics                          [32mtotal_processed[0m=1 [32mtime_since_last_event[0m=3h55m17.851152s    [32mpersistence_enabled[0m=true
[32mINFO [0m[11-19|09:25:19.419] Relayer metrics                          [32mtotal_processed[0m=1 [32mtime_since_last_event[0m=3h55m47.85321s     [32mpersistence_enabled[0m=true
[32mINFO [0m[11-19|09:25:49.416] Relayer metrics                          [32mtotal_processed[0m=1 [32mtime_since_last_event[0m=3h56m17.850226708s [32mpersistence_enabled[0m=true
[32mINFO [0m[11-19|09:26:19.412] Relayer metrics                          [32mtotal_processed[0m=1 [32mtime_since_last_event[0m=3h56m47.845854666s [32mpersistence_enabled[0m=true
[32mINFO [0m[11-19|09:26:49.454] Relayer metrics                          [32mtotal_processed[0m=1 [32mtime_since_last_event[0m=3h57m17.887791583s [32mpersistence_enabled[0m=true
[32mINFO [0m[11-19|09:27:19.413] Relayer metrics                          [32mtotal_processed[0m=1 [32mtime_since_last_event[0m=3h57m47.846368208s [32mpersistence_enabled[0m=true
[32mINFO [0m[11-19|09:27:49.412] Relayer metrics                          [32mtotal_processed[0m=1 [32mtime_since_last_event[0m=3h58m17.844796791s [32mpersistence_enabled[0m=true
[32mINFO [0m[11-19|09:28:19.418] Relayer metrics                          [32mtotal_processed[0m=1 [32mtime_since_last_event[0m=3h58m47.850544833s [32mpersistence_enabled[0m=true
[32mINFO [0m[11-19|09:28:49.426] Relayer metrics                          [32mtotal_processed[0m=1 [32mtime_since_last_event[0m=3h59m17.858652s    [32mpersistence_enabled[0m=true
[32mINFO [0m[11-19|09:29:19.414] Relayer metrics                          [32mtotal_processed[0m=1 [32mtime_since_last_event[0m=3h59m47.846222s    [32mpersistence_enabled[0m=true
[32mINFO [0m[11-19|09:29:49.411] Relayer metrics                          [32mtotal_processed[0m=1 [32mtime_since_last_event[0m=4h0m17.843004291s  [32mpersistence_enabled[0m=true
[32mINFO [0m[11-19|09:30:19.481] Relayer metrics                          [32mtotal_processed[0m=1 [32mtime_since_last_event[0m=4h0m47.913394625s  [32mpersistence_enabled[0m=true
[32mINFO [0m[11-19|09:30:49.421] Relayer metrics                          [32mtotal_processed[0m=1 [32mtime_since_last_event[0m=4h1m17.852352666s  [32mpersistence_enabled[0m=true
[32mINFO [0m[11-19|09:31:19.417] Relayer metrics                          [32mtotal_processed[0m=1 [32mtime_since_last_event[0m=4h1m47.848313291s  [32mpersistence_enabled[0m=true
[32mINFO [0m[11-19|09:31:49.417] Relayer metrics                          [32mtotal_processed[0m=1 [32mtime_since_last_event[0m=4h2m17.8480485s    [32mpersistence_enabled[0m=true
[32mINFO [0m[11-19|09:32:19.416] Relayer metrics                          [32mtotal_processed[0m=1 [32mtime_since_last_event[0m=4h2m47.846894041s  [32mpersistence_enabled[0m=true
[32mINFO [0m[11-19|09:32:49.414] Relayer metrics                          [32mtotal_processed[0m=1 [32mtime_since_last_event[0m=4h3m17.844988166s  [32mpersistence_enabled[0m=true
[32mINFO [0m[11-19|09:33:19.446] Relayer metrics                          [32mtotal_processed[0m=1 [32mtime_since_last_event[0m=4h3m47.876017708s  [32mpersistence_enabled[0m=true
[32mINFO [0m[11-19|09:33:49.459] Relayer metrics                          [32mtotal_processed[0m=1 [32mtime_since_last_event[0m=4h4m17.889051958s  [32mpersistence_enabled[0m=true
[32mINFO [0m[11-19|09:34:19.416] Relayer metrics                          [32mtotal_processed[0m=1 [32mtime_since_last_event[0m=4h4m47.8462185s    [32mpersistence_enabled[0m=true
[32mINFO [0m[11-19|09:34:49.908] Relayer metrics                          [32mtotal_processed[0m=1 [32mtime_since_last_event[0m=4h5m18.337228458s  [32mpersistence_enabled[0m=true
[32mINFO [0m[11-19|09:35:19.415] Relayer metrics                          [32mtotal_processed[0m=1 [32mtime_since_last_event[0m=4h5m47.845274791s  [32mpersistence_enabled[0m=true
[32mINFO [0m[11-19|09:35:49.417] Relayer metrics                          [32mtotal_processed[0m=1 [32mtime_since_last_event[0m=4h6m17.849568416s  [32mpersistence_enabled[0m=true
[32mINFO [0m[11-19|09:36:19.428] Relayer metrics                          [32mtotal_processed[0m=1 [32mtime_since_last_event[0m=4h6m47.860457291s  [32mpersistence_enabled[0m=true
[32mINFO [0m[11-19|09:36:49.422] Relayer metrics                          [32mtotal_processed[0m=1 [32mtime_since_last_event[0m=4h7m17.85460375s   [32mpersistence_enabled[0m=true
[32mINFO [0m[11-19|09:37:19.412] Relayer metrics                          [32mtotal_processed[0m=1 [32mtime_since_last_event[0m=4h7m47.843946958s  [32mpersistence_enabled[0m=true
[32mINFO [0m[11-19|09:37:49.441] Relayer metrics                          [32mtotal_processed[0m=1 [32mtime_since_last_event[0m=4h8m17.87263675s   [32mpersistence_enabled[0m=true
[32mINFO [0m[11-19|09:38:19.420] Relayer metrics                          [32mtotal_processed[0m=1 [32mtime_since_last_event[0m=4h8m47.852020375s  [32mpersistence_enabled[0m=true
[32mINFO [0m[11-19|09:38:49.414] Relayer metrics                          [32mtotal_processed[0m=1 [32mtime_since_last_event[0m=4h9m17.845200333s  [32mpersistence_enabled[0m=true
[32mINFO [0m[11-19|09:39:19.415] Relayer metrics                          [32mtotal_processed[0m=1 [32mtime_since_last_event[0m=4h9m47.846739208s  [32mpersistence_enabled[0m=true
[32mINFO [0m[11-19|09:39:49.414] Relayer metrics                          [32mtotal_processed[0m=1 [32mtime_since_last_event[0m=4h10m17.845267416s [32mpersistence_enabled[0m=true
[32mINFO [0m[11-19|09:40:19.419] Relayer metrics                          [32mtotal_processed[0m=1 [32mtime_since_last_event[0m=4h10m47.849829s    [32mpersistence_enabled[0m=true
[32mINFO [0m[11-19|09:40:49.416] Relayer metrics                          [32mtotal_processed[0m=1 [32mtime_since_last_event[0m=4h11m17.846812708s [32mpersistence_enabled[0m=true
[32mINFO [0m[11-19|09:41:19.418] Relayer metrics                          [32mtotal_processed[0m=1 [32mtime_since_last_event[0m=4h11m47.848746625s [32mpersistence_enabled[0m=true
[32mINFO [0m[11-19|09:41:49.415] Relayer metrics                          [32mtotal_processed[0m=1 [32mtime_since_last_event[0m=4h12m17.845407041s [32mpersistence_enabled[0m=true
[32mINFO [0m[11-19|09:42:19.412] Relayer metrics                          [32mtotal_processed[0m=1 [32mtime_since_last_event[0m=4h12m47.842335708s [32mpersistence_enabled[0m=true
[32mINFO [0m[11-19|09:42:49.416] Relayer metrics                          [32mtotal_processed[0m=1 [32mtime_since_last_event[0m=4h13m17.845384208s [32mpersistence_enabled[0m=true
[32mINFO [0m[11-19|09:43:19.420] Relayer metrics                          [32mtotal_processed[0m=1 [32mtime_since_last_event[0m=4h13m47.849449541s [32mpersistence_enabled[0m=true
[32mINFO [0m[11-19|09:43:49.418] Relayer metrics                          [32mtotal_processed[0m=1 [32mtime_since_last_event[0m=4h14m17.847228791s [32mpersistence_enabled[0m=true
[32mINFO [0m[11-19|09:44:19.419] Relayer metrics                          [32mtotal_processed[0m=1 [32mtime_since_last_event[0m=4h14m47.847710166s [32mpersistence_enabled[0m=true
[32mINFO [0m[11-19|09:44:49.419] Relayer metrics                          [32mtotal_processed[0m=1 [32mtime_since_last_event[0m=4h15m17.848181166s [32mpersistence_enabled[0m=true
[32mINFO [0m[11-19|09:45:19.420] Relayer metrics                          [32mtotal_processed[0m=1 [32mtime_since_last_event[0m=4h15m47.848101125s [32mpersistence_enabled[0m=true
[32mINFO [0m[11-19|09:45:49.417] Relayer metrics                          [32mtotal_processed[0m=1 [32mtime_since_last_event[0m=4h16m17.84481375s  [32mpersistence_enabled[0m=true
[32mINFO [0m[11-19|09:46:19.423] Relayer metrics                          [32mtotal_processed[0m=1 [32mtime_since_last_event[0m=4h16m47.850983916s [32mpersistence_enabled[0m=true
[32mINFO [0m[11-19|09:46:49.428] Relayer metrics                          [32mtotal_processed[0m=1 [32mtime_since_last_event[0m=4h17m17.855842208s [32mpersistence_enabled[0m=true
[32mINFO [0m[11-19|09:47:19.659] Relayer metrics                          [32mtotal_processed[0m=1 [32mtime_since_last_event[0m=4h17m48.086481458s [32mpersistence_enabled[0m=true
[32mINFO [0m[11-19|09:47:49.442] Relayer metrics                          [32mtotal_processed[0m=1 [32mtime_since_last_event[0m=4h18m17.86944625s  [32mpersistence_enabled[0m=true
[32mINFO [0m[11-19|09:48:19.621] Relayer metrics                          [32mtotal_processed[0m=1 [32mtime_since_last_event[0m=4h18m48.04821525s  [32mpersistence_enabled[0m=true
[32mINFO [0m[11-19|09:48:49.486] Relayer metrics                          [32mtotal_processed[0m=1 [32mtime_since_last_event[0m=4h19m17.913037291s [32mpersistence_enabled[0m=true
[32mINFO [0m[11-19|09:49:19.429] Relayer metrics                          [32mtotal_processed[0m=1 [32mtime_since_last_event[0m=4h19m47.855732541s [32mpersistence_enabled[0m=true
[32mINFO [0m[11-19|09:49:49.646] Relayer metrics                          [32mtotal_processed[0m=1 [32mtime_since_last_event[0m=4h20m18.072699541s [32mpersistence_enabled[0m=true
[32mINFO [0m[11-19|09:50:19.427] Relayer metrics                          [32mtotal_processed[0m=1 [32mtime_since_last_event[0m=4h20m47.853139291s [32mpersistence_enabled[0m=true
[32mINFO [0m[11-19|09:50:49.423] Relayer metrics                          [32mtotal_processed[0m=1 [32mtime_since_last_event[0m=4h21m17.849112833s [32mpersistence_enabled[0m=true
[32mINFO [0m[11-19|09:51:19.526] Relayer metrics                          [32mtotal_processed[0m=1 [32mtime_since_last_event[0m=4h21m47.957805208s [32mpersistence_enabled[0m=true
[32mINFO [0m[11-19|09:51:49.413] Relayer metrics                          [32mtotal_processed[0m=1 [32mtime_since_last_event[0m=4h22m17.863072625s [32mpersistence_enabled[0m=true
[32mINFO [0m[11-19|09:52:19.406] Relayer metrics                          [32mtotal_processed[0m=1 [32mtime_since_last_event[0m=4h22m47.858157041s [32mpersistence_enabled[0m=true
[32mINFO [0m[11-19|09:52:49.392] Relayer metrics                          [32mtotal_processed[0m=1 [32mtime_since_last_event[0m=4h23m17.844789083s [32mpersistence_enabled[0m=true
[32mINFO [0m[11-19|09:53:38.887] Relayer metrics                          [32mtotal_processed[0m=1 [32mtime_since_last_event[0m=4h23m47.853884083s [32mpersistence_enabled[0m=true
[32mINFO [0m[11-19|09:54:08.875] Relayer metrics                          [32mtotal_processed[0m=1 [32mtime_since_last_event[0m=4h24m17.842688583s [32mpersistence_enabled[0m=true
[32mINFO [0m[11-19|09:54:42.378] Relayer metrics                          [32mtotal_processed[0m=1 [32mtime_since_last_event[0m=4h24m48.203481916s [32mpersistence_enabled[0m=true
[32mINFO [0m[11-19|10:10:14.352] Relayer metrics                          [32mtotal_processed[0m=1 [32mtime_since_last_event[0m=4h25m18.07867325s  [32mpersistence_enabled[0m=true
[32mINFO [0m[11-19|10:10:44.139] Relayer metrics                          [32mtotal_processed[0m=1 [32mtime_since_last_event[0m=4h25m47.850357833s [32mpersistence_enabled[0m=true
[32mINFO [0m[11-19|10:11:14.141] Relayer metrics                          [32mtotal_processed[0m=1 [32mtime_since_last_event[0m=4h26m17.850339291s [32mpersistence_enabled[0m=true
[32mINFO [0m[11-19|10:11:44.149] Relayer metrics                          [32mtotal_processed[0m=1 [32mtime_since_last_event[0m=4h26m47.857349375s [32mpersistence_enabled[0m=true
[32mINFO [0m[11-19|10:12:14.143] Relayer metrics                          [32mtotal_processed[0m=1 [32mtime_since_last_event[0m=4h27m17.851164291s [32mpersistence_enabled[0m=true
[32mINFO [0m[11-19|10:12:44.146] Relayer metrics                          [32mtotal_processed[0m=1 [32mtime_since_last_event[0m=4h27m47.854510541s [32mpersistence_enabled[0m=true
[32mINFO [0m[11-19|10:13:14.136] Relayer metrics                          [32mtotal_processed[0m=1 [32mtime_since_last_event[0m=4h28m17.843762833s [32mpersistence_enabled[0m=true
[32mINFO [0m[11-19|10:13:44.188] Relayer metrics                          [32mtotal_processed[0m=1 [32mtime_since_last_event[0m=4h28m47.895362s    [32mpersistence_enabled[0m=true
[32mINFO [0m[11-19|10:14:14.139] Relayer metrics                          [32mtotal_processed[0m=1 [32mtime_since_last_event[0m=4h29m17.846417791s [32mpersistence_enabled[0m=true
[32mINFO [0m[11-19|10:14:44.269] Relayer metrics                          [32mtotal_processed[0m=1 [32mtime_since_last_event[0m=4h29m47.976690958s [32mpersistence_enabled[0m=true
[32mINFO [0m[11-19|10:15:14.215] Relayer metrics                          [32mtotal_processed[0m=1 [32mtime_since_last_event[0m=4h30m17.922297416s [32mpersistence_enabled[0m=true
[32mINFO [0m[11-19|10:15:44.263] Relayer metrics                          [32mtotal_processed[0m=1 [32mtime_since_last_event[0m=4h30m47.970245833s [32mpersistence_enabled[0m=true
[32mINFO [0m[11-19|10:16:14.174] Relayer metrics                          [32mtotal_processed[0m=1 [32mtime_since_last_event[0m=4h31m17.881160208s [32mpersistence_enabled[0m=true
[32mINFO [0m[11-19|10:16:44.151] Relayer metrics                          [32mtotal_processed[0m=1 [32mtime_since_last_event[0m=4h31m47.857063125s [32mpersistence_enabled[0m=true
[32mINFO [0m[11-19|10:17:14.148] Relayer metrics                          [32mtotal_processed[0m=1 [32mtime_since_last_event[0m=4h32m17.854745s    [32mpersistence_enabled[0m=true
[32mINFO [0m[11-19|10:17:44.150] Relayer metrics                          [32mtotal_processed[0m=1 [32mtime_since_last_event[0m=4h32m47.8563495s   [32mpersistence_enabled[0m=true
[32mINFO [0m[11-19|10:18:14.265] Relayer metrics                          [32mtotal_processed[0m=1 [32mtime_since_last_event[0m=4h33m17.970547625s [32mpersistence_enabled[0m=true
[32mINFO [0m[11-19|10:18:44.168] Relayer metrics                          [32mtotal_processed[0m=1 [32mtime_since_last_event[0m=4h33m47.873462791s [32mpersistence_enabled[0m=true
[32mINFO [0m[11-19|10:19:14.143] Relayer metrics                          [32mtotal_processed[0m=1 [32mtime_since_last_event[0m=4h34m17.848250458s [32mpersistence_enabled[0m=true
[32mINFO [0m[11-19|10:19:44.148] Relayer metrics                          [32mtotal_processed[0m=1 [32mtime_since_last_event[0m=4h34m47.853719291s [32mpersistence_enabled[0m=true
[32mINFO [0m[11-19|10:20:14.146] Relayer metrics                          [32mtotal_processed[0m=1 [32mtime_since_last_event[0m=4h35m17.8508715s   [32mpersistence_enabled[0m=true
[32mINFO [0m[11-19|10:20:44.176] Relayer metrics                          [32mtotal_processed[0m=1 [32mtime_since_last_event[0m=4h35m47.880659208s [32mpersistence_enabled[0m=true
[32mINFO [0m[11-19|10:21:14.216] Relayer metrics                          [32mtotal_processed[0m=1 [32mtime_since_last_event[0m=4h36m17.920902916s [32mpersistence_enabled[0m=true
[32mINFO [0m[11-19|10:21:44.142] Relayer metrics                          [32mtotal_processed[0m=1 [32mtime_since_last_event[0m=4h36m47.846323875s [32mpersistence_enabled[0m=true
[32mINFO [0m[11-19|10:22:14.156] Relayer metrics                          [32mtotal_processed[0m=1 [32mtime_since_last_event[0m=4h37m17.859979375s [32mpersistence_enabled[0m=true
[32mINFO [0m[11-19|10:22:44.151] Relayer metrics                          [32mtotal_processed[0m=1 [32mtime_since_last_event[0m=4h37m47.854624833s [32mpersistence_enabled[0m=true
[32mINFO [0m[11-19|10:23:14.143] Relayer metrics                          [32mtotal_processed[0m=1 [32mtime_since_last_event[0m=4h38m17.847071166s [32mpersistence_enabled[0m=true
[32mINFO [0m[11-19|10:23:44.147] Relayer metrics                          [32mtotal_processed[0m=1 [32mtime_since_last_event[0m=4h38m47.850162875s [32mpersistence_enabled[0m=true
[32mINFO [0m[11-19|10:24:14.146] Relayer metrics                          [32mtotal_processed[0m=1 [32mtime_since_last_event[0m=4h39m17.849468708s [32mpersistence_enabled[0m=true
[32mINFO [0m[11-19|10:24:44.149] Relayer metrics                          [32mtotal_processed[0m=1 [32mtime_since_last_event[0m=4h39m47.852153s    [32mpersistence_enabled[0m=true
[32mINFO [0m[11-19|10:25:14.151] Relayer metrics                          [32mtotal_processed[0m=1 [32mtime_since_last_event[0m=4h40m17.853681958s [32mpersistence_enabled[0m=true
[32mINFO [0m[11-19|10:25:44.410] Relayer metrics                          [32mtotal_processed[0m=1 [32mtime_since_last_event[0m=4h40m48.112935958s [32mpersistence_enabled[0m=true
[32mINFO [0m[11-19|10:26:14.148] Relayer metrics                          [32mtotal_processed[0m=1 [32mtime_since_last_event[0m=4h41m17.854177583s [32mpersistence_enabled[0m=true
[32mINFO [0m[11-19|10:26:44.143] Relayer metrics                          [32mtotal_processed[0m=1 [32mtime_since_last_event[0m=4h41m47.848897625s [32mpersistence_enabled[0m=true
[32mINFO [0m[11-19|10:27:14.160] Relayer metrics                          [32mtotal_processed[0m=1 [32mtime_since_last_event[0m=4h42m17.86660475s  [32mpersistence_enabled[0m=true
[32mINFO [0m[11-19|10:27:44.144] Relayer metrics                          [32mtotal_processed[0m=1 [32mtime_since_last_event[0m=4h42m47.850377166s [32mpersistence_enabled[0m=true
[32mINFO [0m[11-19|10:28:14.157] Relayer metrics                          [32mtotal_processed[0m=1 [32mtime_since_last_event[0m=4h43m17.862974916s [32mpersistence_enabled[0m=true
[32mINFO [0m[11-19|10:28:44.145] Relayer metrics                          [32mtotal_processed[0m=1 [32mtime_since_last_event[0m=4h43m47.850841416s [32mpersistence_enabled[0m=true
[32mINFO [0m[11-19|10:29:14.145] Relayer metrics                          [32mtotal_processed[0m=1 [32mtime_since_last_event[0m=4h44m17.850678916s [32mpersistence_enabled[0m=true
[32mINFO [0m[11-19|10:29:44.144] Relayer metrics                          [32mtotal_processed[0m=1 [32mtime_since_last_event[0m=4h44m47.849138625s [32mpersistence_enabled[0m=true
[32mINFO [0m[11-19|10:30:14.144] Relayer metrics                          [32mtotal_processed[0m=1 [32mtime_since_last_event[0m=4h45m17.848709208s [32mpersistence_enabled[0m=true
[32mINFO [0m[11-19|10:30:44.157] Relayer metrics                          [32mtotal_processed[0m=1 [32mtime_since_last_event[0m=4h45m47.86238525s  [32mpersistence_enabled[0m=true
[32mINFO [0m[11-19|10:31:14.207] Relayer metrics                          [32mtotal_processed[0m=1 [32mtime_since_last_event[0m=4h46m17.911609041s [32mpersistence_enabled[0m=true
[32mINFO [0m[11-19|10:31:44.140] Relayer metrics                          [32mtotal_processed[0m=1 [32mtime_since_last_event[0m=4h46m47.845041208s [32mpersistence_enabled[0m=true
[32mINFO [0m[11-19|10:32:14.142] Relayer metrics                          [32mtotal_processed[0m=1 [32mtime_since_last_event[0m=4h47m17.846080708s [32mpersistence_enabled[0m=true
[32mINFO [0m[11-19|10:32:44.147] Relayer metrics                          [32mtotal_processed[0m=1 [32mtime_since_last_event[0m=4h47m47.850915208s [32mpersistence_enabled[0m=true
[32mINFO [0m[11-19|10:33:14.150] Relayer metrics                          [32mtotal_processed[0m=1 [32mtime_since_last_event[0m=4h48m17.854212833s [32mpersistence_enabled[0m=true
[32mINFO [0m[11-19|10:33:44.144] Relayer metrics                          [32mtotal_processed[0m=1 [32mtime_since_last_event[0m=4h48m47.847701875s [32mpersistence_enabled[0m=true
[32mINFO [0m[11-19|10:34:14.148] Relayer metrics                          [32mtotal_processed[0m=1 [32mtime_since_last_event[0m=4h49m17.851919208s [32mpersistence_enabled[0m=true
[32mINFO [0m[11-19|10:34:44.145] Relayer metrics                          [32mtotal_processed[0m=1 [32mtime_since_last_event[0m=4h49m47.848132s    [32mpersistence_enabled[0m=true
[32mINFO [0m[11-19|10:35:14.144] Relayer metrics                          [32mtotal_processed[0m=1 [32mtime_since_last_event[0m=4h50m17.847777458s [32mpersistence_enabled[0m=true
[32mINFO [0m[11-19|10:35:44.144] Relayer metrics                          [32mtotal_processed[0m=1 [32mtime_since_last_event[0m=4h50m47.847187458s [32mpersistence_enabled[0m=true
[32mINFO [0m[11-19|10:36:14.145] Relayer metrics                          [32mtotal_processed[0m=1 [32mtime_since_last_event[0m=4h51m17.847557416s [32mpersistence_enabled[0m=true
[32mINFO [0m[11-19|10:36:44.151] Relayer metrics                          [32mtotal_processed[0m=1 [32mtime_since_last_event[0m=4h51m47.854201541s [32mpersistence_enabled[0m=true
[32mINFO [0m[11-19|10:37:14.141] Relayer metrics                          [32mtotal_processed[0m=1 [32mtime_since_last_event[0m=4h52m17.843671083s [32mpersistence_enabled[0m=true
[32mINFO [0m[11-19|10:37:44.145] Relayer metrics                          [32mtotal_processed[0m=1 [32mtime_since_last_event[0m=4h52m47.847230666s [32mpersistence_enabled[0m=true
[32mINFO [0m[11-19|10:38:14.146] Relayer metrics                          [32mtotal_processed[0m=1 [32mtime_since_last_event[0m=4h53m17.847943375s [32mpersistence_enabled[0m=true
[32mINFO [0m[11-19|10:38:44.151] Relayer metrics                          [32mtotal_processed[0m=1 [32mtime_since_last_event[0m=4h53m47.85351s     [32mpersistence_enabled[0m=true
[32mINFO [0m[11-19|10:39:14.144] Relayer metrics                          [32mtotal_processed[0m=1 [32mtime_since_last_event[0m=4h54m17.845802416s [32mpersistence_enabled[0m=true
[32mINFO [0m[11-19|10:39:44.163] Relayer metrics                          [32mtotal_processed[0m=1 [32mtime_since_last_event[0m=4h54m47.864651208s [32mpersistence_enabled[0m=true
[32mINFO [0m[11-19|10:40:14.144] Relayer metrics                          [32mtotal_processed[0m=1 [32mtime_since_last_event[0m=4h55m17.845713208s [32mpersistence_enabled[0m=true
[32mINFO [0m[11-19|10:40:44.155] Relayer metrics                          [32mtotal_processed[0m=1 [32mtime_since_last_event[0m=4h55m47.856445416s [32mpersistence_enabled[0m=true
[32mINFO [0m[11-19|10:41:14.159] Relayer metrics                          [32mtotal_processed[0m=1 [32mtime_since_last_event[0m=4h56m17.860117791s [32mpersistence_enabled[0m=true
[32mINFO [0m[11-19|10:41:44.146] Relayer metrics                          [32mtotal_processed[0m=1 [32mtime_since_last_event[0m=4h56m47.846674916s [32mpersistence_enabled[0m=true
[32mINFO [0m[11-19|10:42:14.189] Relayer metrics                          [32mtotal_processed[0m=1 [32mtime_since_last_event[0m=4h57m17.89336575s  [32mpersistence_enabled[0m=true
[32mINFO [0m[11-19|10:42:44.148] Relayer metrics                          [32mtotal_processed[0m=1 [32mtime_since_last_event[0m=4h57m47.853525875s [32mpersistence_enabled[0m=true
[32mINFO [0m[11-19|10:43:14.143] Relayer metrics                          [32mtotal_processed[0m=1 [32mtime_since_last_event[0m=4h58m17.848401083s [32mpersistence_enabled[0m=true
[32mINFO [0m[11-19|10:43:44.138] Relayer metrics                          [32mtotal_processed[0m=1 [32mtime_since_last_event[0m=4h58m47.842690625s [32mpersistence_enabled[0m=true
[32mINFO [0m[11-19|10:44:14.152] Relayer metrics                          [32mtotal_processed[0m=1 [32mtime_since_last_event[0m=4h59m17.856523041s [32mpersistence_enabled[0m=true
[32mINFO [0m[11-19|10:44:44.148] Relayer metrics                          [32mtotal_processed[0m=1 [32mtime_since_last_event[0m=4h59m47.852521916s [32mpersistence_enabled[0m=true
[32mINFO [0m[11-19|10:45:14.141] Relayer metrics                          [32mtotal_processed[0m=1 [32mtime_since_last_event[0m=5h0m17.845817458s  [32mpersistence_enabled[0m=true
[32mINFO [0m[11-19|10:45:44.143] Relayer metrics                          [32mtotal_processed[0m=1 [32mtime_since_last_event[0m=5h0m47.847412166s  [32mpersistence_enabled[0m=true
[32mINFO [0m[11-19|10:46:14.149] Relayer metrics                          [32mtotal_processed[0m=1 [32mtime_since_last_event[0m=5h1m17.85366625s   [32mpersistence_enabled[0m=true
[32mINFO [0m[11-19|10:46:44.142] Relayer metrics                          [32mtotal_processed[0m=1 [32mtime_since_last_event[0m=5h1m47.845963583s  [32mpersistence_enabled[0m=true
[32mINFO [0m[11-19|10:47:14.147] Relayer metrics                          [32mtotal_processed[0m=1 [32mtime_since_last_event[0m=5h2m17.851357875s  [32mpersistence_enabled[0m=true
[32mINFO [0m[11-19|10:47:44.136] Relayer metrics                          [32mtotal_processed[0m=1 [32mtime_since_last_event[0m=5h2m47.840107541s  [32mpersistence_enabled[0m=true
[32mINFO [0m[11-19|10:48:14.138] Relayer metrics                          [32mtotal_processed[0m=1 [32mtime_since_last_event[0m=5h3m17.841194083s  [32mpersistence_enabled[0m=true
[32mINFO [0m[11-19|10:48:44.146] Relayer metrics                          [32mtotal_processed[0m=1 [32mtime_since_last_event[0m=5h3m47.849917458s  [32mpersistence_enabled[0m=true
[32mINFO [0m[11-19|10:49:14.146] Relayer metrics                          [32mtotal_processed[0m=1 [32mtime_since_last_event[0m=5h4m17.849082625s  [32mpersistence_enabled[0m=true
[32mINFO [0m[11-19|10:49:44.155] Relayer metrics                          [32mtotal_processed[0m=1 [32mtime_since_last_event[0m=5h4m47.858615541s  [32mpersistence_enabled[0m=true
[32mINFO [0m[11-19|10:50:14.153] Relayer metrics                          [32mtotal_processed[0m=1 [32mtime_since_last_event[0m=5h5m17.855756s     [32mpersistence_enabled[0m=true
[32mINFO [0m[11-19|10:50:44.146] Relayer metrics                          [32mtotal_processed[0m=1 [32mtime_since_last_event[0m=5h5m47.849132583s  [32mpersistence_enabled[0m=true
[32mINFO [0m[11-19|10:51:14.144] Relayer metrics                          [32mtotal_processed[0m=1 [32mtime_since_last_event[0m=5h6m17.846217041s  [32mpersistence_enabled[0m=true
[32mINFO [0m[11-19|10:51:44.249] Relayer metrics                          [32mtotal_processed[0m=1 [32mtime_since_last_event[0m=5h6m47.952048958s  [32mpersistence_enabled[0m=true
[32mINFO [0m[11-19|10:52:14.145] Relayer metrics                          [32mtotal_processed[0m=1 [32mtime_since_last_event[0m=5h7m17.847508458s  [32mpersistence_enabled[0m=true
[32mINFO [0m[11-19|10:52:44.152] Relayer metrics                          [32mtotal_processed[0m=1 [32mtime_since_last_event[0m=5h7m47.854258833s  [32mpersistence_enabled[0m=true
[32mINFO [0m[11-19|10:53:14.193] Relayer metrics                          [32mtotal_processed[0m=1 [32mtime_since_last_event[0m=5h8m17.895472916s  [32mpersistence_enabled[0m=true
[32mINFO [0m[11-19|10:53:44.149] Relayer metrics                          [32mtotal_processed[0m=1 [32mtime_since_last_event[0m=5h8m47.850931416s  [32mpersistence_enabled[0m=true
[32mINFO [0m[11-19|10:54:14.145] Relayer metrics                          [32mtotal_processed[0m=1 [32mtime_since_last_event[0m=5h9m17.847081166s  [32mpersistence_enabled[0m=true
[32mINFO [0m[11-19|10:54:44.148] Relayer metrics                          [32mtotal_processed[0m=1 [32mtime_since_last_event[0m=5h9m47.849298791s  [32mpersistence_enabled[0m=true
[32mINFO [0m[11-19|10:55:14.147] Relayer metrics                          [32mtotal_processed[0m=1 [32mtime_since_last_event[0m=5h10m17.848973833s [32mpersistence_enabled[0m=true
[32mINFO [0m[11-19|10:55:44.143] Relayer metrics                          [32mtotal_processed[0m=1 [32mtime_since_last_event[0m=5h10m47.843940875s [32mpersistence_enabled[0m=true
[32mINFO [0m[11-19|10:56:14.153] Relayer metrics                          [32mtotal_processed[0m=1 [32mtime_since_last_event[0m=5h11m17.8541045s   [32mpersistence_enabled[0m=true
[32mINFO [0m[11-19|10:56:44.141] Relayer metrics                          [32mtotal_processed[0m=1 [32mtime_since_last_event[0m=5h11m47.842224s    [32mpersistence_enabled[0m=true
[32mINFO [0m[11-19|10:57:14.145] Relayer metrics                          [32mtotal_processed[0m=1 [32mtime_since_last_event[0m=5h12m17.845706041s [32mpersistence_enabled[0m=true
[32mINFO [0m[11-19|10:57:44.187] Relayer metrics                          [32mtotal_processed[0m=1 [32mtime_since_last_event[0m=5h12m47.887711666s [32mpersistence_enabled[0m=true
[32mINFO [0m[11-19|10:58:14.158] Relayer metrics                          [32mtotal_processed[0m=1 [32mtime_since_last_event[0m=5h13m17.844889375s [32mpersistence_enabled[0m=true
[32mINFO [0m[11-19|10:58:44.160] Relayer metrics                          [32mtotal_processed[0m=1 [32mtime_since_last_event[0m=5h13m47.84327025s  [32mpersistence_enabled[0m=true
[32mINFO [0m[11-19|10:59:14.166] Relayer metrics                          [32mtotal_processed[0m=1 [32mtime_since_last_event[0m=5h14m17.848687458s [32mpersistence_enabled[0m=true
[32mINFO [0m[11-19|10:59:44.163] Relayer metrics                          [32mtotal_processed[0m=1 [32mtime_since_last_event[0m=5h14m47.845616291s [32mpersistence_enabled[0m=true
[32mINFO [0m[11-19|11:00:14.169] Relayer metrics                          [32mtotal_processed[0m=1 [32mtime_since_last_event[0m=5h15m17.851334708s [32mpersistence_enabled[0m=true
[32mINFO [0m[11-19|11:00:44.163] Relayer metrics                          [32mtotal_processed[0m=1 [32mtime_since_last_event[0m=5h15m47.844247291s [32mpersistence_enabled[0m=true
[32mINFO [0m[11-19|11:01:14.176] Relayer metrics                          [32mtotal_processed[0m=1 [32mtime_since_last_event[0m=5h16m17.857239125s [32mpersistence_enabled[0m=true
[32mINFO [0m[11-19|11:01:44.175] Relayer metrics                          [32mtotal_processed[0m=1 [32mtime_since_last_event[0m=5h16m47.8561425s   [32mpersistence_enabled[0m=true
[32mINFO [0m[11-19|11:02:14.184] Relayer metrics                          [32mtotal_processed[0m=1 [32mtime_since_last_event[0m=5h17m17.864911291s [32mpersistence_enabled[0m=true
[32mINFO [0m[11-19|11:02:44.174] Relayer metrics                          [32mtotal_processed[0m=1 [32mtime_since_last_event[0m=5h17m47.85444325s  [32mpersistence_enabled[0m=true
[32mINFO [0m[11-19|11:03:14.227] Relayer metrics                          [32mtotal_processed[0m=1 [32mtime_since_last_event[0m=5h18m17.907132416s [32mpersistence_enabled[0m=true
[32mINFO [0m[11-19|11:03:44.171] Relayer metrics                          [32mtotal_processed[0m=1 [32mtime_since_last_event[0m=5h18m47.851141625s [32mpersistence_enabled[0m=true
[32mINFO [0m[11-19|11:04:14.165] Relayer metrics                          [32mtotal_processed[0m=1 [32mtime_since_last_event[0m=5h19m17.844728458s [32mpersistence_enabled[0m=true
[32mINFO [0m[11-19|11:04:44.168] Relayer metrics                          [32mtotal_processed[0m=1 [32mtime_since_last_event[0m=5h19m47.84730325s  [32mpersistence_enabled[0m=true
[32mINFO [0m[11-19|11:05:14.169] Relayer metrics                          [32mtotal_processed[0m=1 [32mtime_since_last_event[0m=5h20m17.847925333s [32mpersistence_enabled[0m=true
[32mINFO [0m[11-19|11:05:44.169] Relayer metrics                          [32mtotal_processed[0m=1 [32mtime_since_last_event[0m=5h20m47.848317583s [32mpersistence_enabled[0m=true
[32mINFO [0m[11-19|11:06:14.161] Relayer metrics                          [32mtotal_processed[0m=1 [32mtime_since_last_event[0m=5h21m17.839937083s [32mpersistence_enabled[0m=true
[32mINFO [0m[11-19|11:06:44.166] Relayer metrics                          [32mtotal_processed[0m=1 [32mtime_since_last_event[0m=5h21m47.844208041s [32mpersistence_enabled[0m=true
[32mINFO [0m[11-19|11:07:14.182] Relayer metrics                          [32mtotal_processed[0m=1 [32mtime_since_last_event[0m=5h22m17.860281375s [32mpersistence_enabled[0m=true
[32mINFO [0m[11-19|11:07:44.165] Relayer metrics                          [32mtotal_processed[0m=1 [32mtime_since_last_event[0m=5h22m47.84335725s  [32mpersistence_enabled[0m=true
[32mINFO [0m[11-19|11:08:14.178] Relayer metrics                          [32mtotal_processed[0m=1 [32mtime_since_last_event[0m=5h23m17.855357458s [32mpersistence_enabled[0m=true
[32mINFO [0m[11-19|11:08:44.170] Relayer metrics                          [32mtotal_processed[0m=1 [32mtime_since_last_event[0m=5h23m47.847525458s [32mpersistence_enabled[0m=true
[32mINFO [0m[11-19|11:09:14.172] Relayer metrics                          [32mtotal_processed[0m=1 [32mtime_since_last_event[0m=5h24m17.84869225s  [32mpersistence_enabled[0m=true
[32mINFO [0m[11-19|11:09:44.171] Relayer metrics                          [32mtotal_processed[0m=1 [32mtime_since_last_event[0m=5h24m47.848338125s [32mpersistence_enabled[0m=true
[32mINFO [0m[11-19|11:10:14.176] Relayer metrics                          [32mtotal_processed[0m=1 [32mtime_since_last_event[0m=5h25m17.852359458s [32mpersistence_enabled[0m=true
[32mINFO [0m[11-19|11:10:44.175] Relayer metrics                          [32mtotal_processed[0m=1 [32mtime_since_last_event[0m=5h25m47.851643458s [32mpersistence_enabled[0m=true
[32mINFO [0m[11-19|11:11:14.298] Relayer metrics                          [32mtotal_processed[0m=1 [32mtime_since_last_event[0m=5h26m17.9742275s   [32mpersistence_enabled[0m=true
[32mINFO [0m[11-19|11:11:44.175] Relayer metrics                          [32mtotal_processed[0m=1 [32mtime_since_last_event[0m=5h26m47.851295416s [32mpersistence_enabled[0m=true
[32mINFO [0m[11-19|11:12:14.171] Relayer metrics                          [32mtotal_processed[0m=1 [32mtime_since_last_event[0m=5h27m17.846312458s [32mpersistence_enabled[0m=true
[32mINFO [0m[11-19|11:12:44.139] Relayer metrics                          [32mtotal_processed[0m=1 [32mtime_since_last_event[0m=5h27m47.848587208s [32mpersistence_enabled[0m=true
[32mINFO [0m[11-19|11:13:14.132] Relayer metrics                          [32mtotal_processed[0m=1 [32mtime_since_last_event[0m=5h28m17.848543541s [32mpersistence_enabled[0m=true
[32mINFO [0m[11-19|11:13:44.129] Relayer metrics                          [32mtotal_processed[0m=1 [32mtime_since_last_event[0m=5h28m47.846507708s [32mpersistence_enabled[0m=true
[32mINFO [0m[11-19|11:14:14.130] Relayer metrics                          [32mtotal_processed[0m=1 [32mtime_since_last_event[0m=5h29m17.847634541s [32mpersistence_enabled[0m=true
[32mINFO [0m[11-19|11:14:44.131] Relayer metrics                          [32mtotal_processed[0m=1 [32mtime_since_last_event[0m=5h29m47.848586291s [32mpersistence_enabled[0m=true
[32mINFO [0m[11-19|11:15:14.131] Relayer metrics                          [32mtotal_processed[0m=1 [32mtime_since_last_event[0m=5h30m17.848289416s [32mpersistence_enabled[0m=true
[32mINFO [0m[11-19|11:15:44.131] Relayer metrics                          [32mtotal_processed[0m=1 [32mtime_since_last_event[0m=5h30m47.848593041s [32mpersistence_enabled[0m=true
[32mINFO [0m[11-19|11:16:14.161] Relayer metrics                          [32mtotal_processed[0m=1 [32mtime_since_last_event[0m=5h31m17.878157291s [32mpersistence_enabled[0m=true
[32mINFO [0m[11-19|11:16:44.146] Relayer metrics                          [32mtotal_processed[0m=1 [32mtime_since_last_event[0m=5h31m47.863470291s [32mpersistence_enabled[0m=true
[32mINFO [0m[11-19|11:17:14.168] Relayer metrics                          [32mtotal_processed[0m=1 [32mtime_since_last_event[0m=5h32m17.885759375s [32mpersistence_enabled[0m=true
[32mINFO [0m[11-19|11:17:44.127] Relayer metrics                          [32mtotal_processed[0m=1 [32mtime_since_last_event[0m=5h32m47.84416925s  [32mpersistence_enabled[0m=true
[32mINFO [0m[11-19|11:18:14.579] Relayer metrics                          [32mtotal_processed[0m=1 [32mtime_since_last_event[0m=5h33m18.296816458s [32mpersistence_enabled[0m=true
[32mINFO [0m[11-19|11:18:44.139] Relayer metrics                          [32mtotal_processed[0m=1 [32mtime_since_last_event[0m=5h33m47.856607041s [32mpersistence_enabled[0m=true
[32mINFO [0m[11-19|11:19:14.130] Relayer metrics                          [32mtotal_processed[0m=1 [32mtime_since_last_event[0m=5h34m17.84775225s  [32mpersistence_enabled[0m=true
[32mINFO [0m[11-19|11:19:44.128] Relayer metrics                          [32mtotal_processed[0m=1 [32mtime_since_last_event[0m=5h34m47.845367208s [32mpersistence_enabled[0m=true
[32mINFO [0m[11-19|11:20:14.129] Relayer metrics                          [32mtotal_processed[0m=1 [32mtime_since_last_event[0m=5h35m17.846665375s [32mpersistence_enabled[0m=true
[32mINFO [0m[11-19|11:20:44.127] Relayer metrics                          [32mtotal_processed[0m=1 [32mtime_since_last_event[0m=5h35m47.844543166s [32mpersistence_enabled[0m=true
[32mINFO [0m[11-19|11:21:14.455] Relayer metrics                          [32mtotal_processed[0m=1 [32mtime_since_last_event[0m=5h36m18.173050833s [32mpersistence_enabled[0m=true
[32mINFO [0m[11-19|11:21:44.161] Relayer metrics                          [32mtotal_processed[0m=1 [32mtime_since_last_event[0m=5h36m47.878684791s [32mpersistence_enabled[0m=true
[32mINFO [0m[11-19|11:22:14.158] Relayer metrics                          [32mtotal_processed[0m=1 [32mtime_since_last_event[0m=5h37m17.87606625s  [32mpersistence_enabled[0m=true
[32mINFO [0m[11-19|11:22:44.132] Relayer metrics                          [32mtotal_processed[0m=1 [32mtime_since_last_event[0m=5h37m47.849394291s [32mpersistence_enabled[0m=true
[32mINFO [0m[11-19|11:23:14.139] Relayer metrics                          [32mtotal_processed[0m=1 [32mtime_since_last_event[0m=5h38m17.857070708s [32mpersistence_enabled[0m=true
[32mINFO [0m[11-19|11:23:44.130] Relayer metrics                          [32mtotal_processed[0m=1 [32mtime_since_last_event[0m=5h38m47.847891291s [32mpersistence_enabled[0m=true
[32mINFO [0m[11-19|11:24:14.130] Relayer metrics                          [32mtotal_processed[0m=1 [32mtime_since_last_event[0m=5h39m17.84802325s  [32mpersistence_enabled[0m=true
[32mINFO [0m[11-19|11:24:44.138] Relayer metrics                          [32mtotal_processed[0m=1 [32mtime_since_last_event[0m=5h39m47.855669875s [32mpersistence_enabled[0m=true
[32mINFO [0m[11-19|11:25:14.126] Relayer metrics                          [32mtotal_processed[0m=1 [32mtime_since_last_event[0m=5h40m17.843752208s [32mpersistence_enabled[0m=true
[32mINFO [0m[11-19|11:25:44.133] Relayer metrics                          [32mtotal_processed[0m=1 [32mtime_since_last_event[0m=5h40m47.850574916s [32mpersistence_enabled[0m=true
[32mINFO [0m[11-19|11:26:14.127] Relayer metrics                          [32mtotal_processed[0m=1 [32mtime_since_last_event[0m=5h41m17.844420916s [32mpersistence_enabled[0m=true
[32mINFO [0m[11-19|11:26:44.130] Relayer metrics                          [32mtotal_processed[0m=1 [32mtime_since_last_event[0m=5h41m47.847993208s [32mpersistence_enabled[0m=true
[32mINFO [0m[11-19|11:27:14.129] Relayer metrics                          [32mtotal_processed[0m=1 [32mtime_since_last_event[0m=5h42m17.846509625s [32mpersistence_enabled[0m=true
[32mINFO [0m[11-19|11:27:44.129] Relayer metrics                          [32mtotal_processed[0m=1 [32mtime_since_last_event[0m=5h42m47.847212708s [32mpersistence_enabled[0m=true
[32mINFO [0m[11-19|11:28:14.128] Relayer metrics                          [32mtotal_processed[0m=1 [32mtime_since_last_event[0m=5h43m17.845610291s [32mpersistence_enabled[0m=true
[32mINFO [0m[11-19|11:28:44.136] Relayer metrics                          [32mtotal_processed[0m=1 [32mtime_since_last_event[0m=5h43m47.849553208s [32mpersistence_enabled[0m=true
[32mINFO [0m[11-19|11:29:14.140] Relayer metrics                          [32mtotal_processed[0m=1 [32mtime_since_last_event[0m=5h44m17.852321791s [32mpersistence_enabled[0m=true
[32mINFO [0m[11-19|11:29:44.135] Relayer metrics                          [32mtotal_processed[0m=1 [32mtime_since_last_event[0m=5h44m47.847191125s [32mpersistence_enabled[0m=true
[32mINFO [0m[11-19|11:30:14.133] Relayer metrics                          [32mtotal_processed[0m=1 [32mtime_since_last_event[0m=5h45m17.8454785s   [32mpersistence_enabled[0m=true
[32mINFO [0m[11-19|11:30:44.154] Relayer metrics                          [32mtotal_processed[0m=1 [32mtime_since_last_event[0m=5h45m47.866611833s [32mpersistence_enabled[0m=true
[32mINFO [0m[11-19|11:31:14.138] Relayer metrics                          [32mtotal_processed[0m=1 [32mtime_since_last_event[0m=5h46m17.850194791s [32mpersistence_enabled[0m=true
[32mINFO [0m[11-19|11:31:44.132] Relayer metrics                          [32mtotal_processed[0m=1 [32mtime_since_last_event[0m=5h46m47.843978833s [32mpersistence_enabled[0m=true
[32mINFO [0m[11-19|11:32:14.137] Relayer metrics                          [32mtotal_processed[0m=1 [32mtime_since_last_event[0m=5h47m17.848861625s [32mpersistence_enabled[0m=true
[32mINFO [0m[11-19|11:33:17.057] Relayer metrics                          [32mtotal_processed[0m=1 [32mtime_since_last_event[0m=5h47m48.386530375s [32mpersistence_enabled[0m=true
[32mINFO [0m[11-19|11:33:46.527] Relayer metrics                          [32mtotal_processed[0m=1 [32mtime_since_last_event[0m=5h48m17.848996541s [32mpersistence_enabled[0m=true
[32mINFO [0m[11-19|11:34:16.639] Relayer metrics                          [32mtotal_processed[0m=1 [32mtime_since_last_event[0m=5h48m47.960178333s [32mpersistence_enabled[0m=true
[32mINFO [0m[11-19|11:34:46.535] Relayer metrics                          [32mtotal_processed[0m=1 [32mtime_since_last_event[0m=5h49m17.856032416s [32mpersistence_enabled[0m=true
[32mINFO [0m[11-19|11:35:16.533] Relayer metrics                          [32mtotal_processed[0m=1 [32mtime_since_last_event[0m=5h49m47.853767333s [32mpersistence_enabled[0m=true
[32mINFO [0m[11-19|11:35:46.537] Relayer metrics                          [32mtotal_processed[0m=1 [32mtime_since_last_event[0m=5h50m17.857621333s [32mpersistence_enabled[0m=true
[32mINFO [0m[11-19|11:36:16.544] Relayer metrics                          [32mtotal_processed[0m=1 [32mtime_since_last_event[0m=5h50m47.864201916s [32mpersistence_enabled[0m=true
[32mINFO [0m[11-19|11:36:46.539] Relayer metrics                          [32mtotal_processed[0m=1 [32mtime_since_last_event[0m=5h51m17.859027916s [32mpersistence_enabled[0m=true
[32mINFO [0m[11-19|11:37:16.528] Relayer metrics                          [32mtotal_processed[0m=1 [32mtime_since_last_event[0m=5h51m47.84805975s  [32mpersistence_enabled[0m=true
[32mINFO [0m[11-19|11:37:46.948] Relayer metrics                          [32mtotal_processed[0m=1 [32mtime_since_last_event[0m=5h52m18.268476208s [32mpersistence_enabled[0m=true
[32mINFO [0m[11-19|11:38:16.558] Relayer metrics                          [32mtotal_processed[0m=1 [32mtime_since_last_event[0m=5h52m47.87849725s  [32mpersistence_enabled[0m=true
[32mINFO [0m[11-19|11:38:46.534] Relayer metrics                          [32mtotal_processed[0m=1 [32mtime_since_last_event[0m=5h53m17.854262041s [32mpersistence_enabled[0m=true
[32mINFO [0m[11-19|11:39:16.536] Relayer metrics                          [32mtotal_processed[0m=1 [32mtime_since_last_event[0m=5h53m47.856294833s [32mpersistence_enabled[0m=true
[32mINFO [0m[11-19|11:39:46.527] Relayer metrics                          [32mtotal_processed[0m=1 [32mtime_since_last_event[0m=5h54m17.846686041s [32mpersistence_enabled[0m=true
[32mINFO [0m[11-19|11:40:16.524] Relayer metrics                          [32mtotal_processed[0m=1 [32mtime_since_last_event[0m=5h54m47.843986833s [32mpersistence_enabled[0m=true
[33mWARN [0m[11-19|11:40:58.691] Mantle health check failed               [33merror[0m="Post \"https://virtual.mantle.eu.rpc.tenderly.co/2646db6c-77aa-4a11-97ac-79a7fe731bf4\": read tcp 192.168.1.27:53996->34.96.91.101:443: read: can't assign requested address"
[33mWARN [0m[11-19|11:40:58.691] Operation failed, retrying with backoff  [33moperation[0m=get_latest_block [33mattempt[0m=1 [33mmax_retries[0m=5 [33mdelay[0m=1s [33merror[0m="Post \"https://virtual.mantle.eu.rpc.tenderly.co/2646db6c-77aa-4a11-97ac-79a7fe731bf4\": read tcp 192.168.1.27:53996->34.96.91.101:443: read: can't assign requested address"
[32mINFO [0m[11-19|11:40:59.967] Operation succeeded after retry          [32moperation[0m=get_latest_block [32mattempts[0m=2
[33mWARN [0m[11-19|11:41:18.465] Ethereum health check failed             [33merror[0m="Post \"https://virtual.mainnet.eu.rpc.tenderly.co/099a70af-6185-4e28-b190-7e65e144ec95\": read tcp 192.168.1.27:54037->34.96.91.101:443: read: can't assign requested address"
[32mINFO [0m[11-19|11:41:18.465] Relayer metrics                          [32mtotal_processed[0m=1 [32mtime_since_last_event[0m=5h55m49.784766916s [32mpersistence_enabled[0m=true
[32mINFO [0m[11-19|11:41:18.702] Relayer metrics                          [32mtotal_processed[0m=1 [32mtime_since_last_event[0m=5h55m50.021077666s [32mpersistence_enabled[0m=true
[32mINFO [0m[11-19|11:41:46.527] Relayer metrics                          [32mtotal_processed[0m=1 [32mtime_since_last_event[0m=5h56m17.846378375s [32mpersistence_enabled[0m=true
[32mINFO [0m[11-19|11:42:16.561] Relayer metrics                          [32mtotal_processed[0m=1 [32mtime_since_last_event[0m=5h56m47.880314166s [32mpersistence_enabled[0m=true
[32mINFO [0m[11-19|11:42:46.524] Relayer metrics                          [32mtotal_processed[0m=1 [32mtime_since_last_event[0m=5h57m17.843419208s [32mpersistence_enabled[0m=true
[32mINFO [0m[11-19|11:43:16.577] Relayer metrics                          [32mtotal_processed[0m=1 [32mtime_since_last_event[0m=5h57m47.896002875s [32mpersistence_enabled[0m=true
[32mINFO [0m[11-19|11:43:46.528] Relayer metrics                          [32mtotal_processed[0m=1 [32mtime_since_last_event[0m=5h58m17.846751791s [32mpersistence_enabled[0m=true
[32mINFO [0m[11-19|11:44:16.525] Relayer metrics                          [32mtotal_processed[0m=1 [32mtime_since_last_event[0m=5h58m47.844389666s [32mpersistence_enabled[0m=true
[32mINFO [0m[11-19|11:44:46.527] Relayer metrics                          [32mtotal_processed[0m=1 [32mtime_since_last_event[0m=5h59m17.845672416s [32mpersistence_enabled[0m=true
[32mINFO [0m[11-19|11:45:17.102] Relayer metrics                          [32mtotal_processed[0m=1 [32mtime_since_last_event[0m=5h59m48.420964625s [32mpersistence_enabled[0m=true
[32mINFO [0m[11-19|11:45:46.522] Relayer metrics                          [32mtotal_processed[0m=1 [32mtime_since_last_event[0m=6h0m17.840561666s  [32mpersistence_enabled[0m=true
[32mINFO [0m[11-19|11:46:16.527] Relayer metrics                          [32mtotal_processed[0m=1 [32mtime_since_last_event[0m=6h0m47.845463s     [32mpersistence_enabled[0m=true
[32mINFO [0m[11-19|11:46:46.530] Relayer metrics                          [32mtotal_processed[0m=1 [32mtime_since_last_event[0m=6h1m17.848734875s  [32mpersistence_enabled[0m=true
[32mINFO [0m[11-19|11:47:16.525] Relayer metrics                          [32mtotal_processed[0m=1 [32mtime_since_last_event[0m=6h1m47.842880125s  [32mpersistence_enabled[0m=true
[32mINFO [0m[11-19|11:47:46.607] Relayer metrics                          [32mtotal_processed[0m=1 [32mtime_since_last_event[0m=6h2m17.9255345s    [32mpersistence_enabled[0m=true
[32mINFO [0m[11-19|11:48:16.532] Relayer metrics                          [32mtotal_processed[0m=1 [32mtime_since_last_event[0m=6h2m47.850269958s  [32mpersistence_enabled[0m=true
[32mINFO [0m[11-19|11:48:46.521] Relayer metrics                          [32mtotal_processed[0m=1 [32mtime_since_last_event[0m=6h3m17.839522166s  [32mpersistence_enabled[0m=true
[32mINFO [0m[11-19|11:49:16.528] Relayer metrics                          [32mtotal_processed[0m=1 [32mtime_since_last_event[0m=6h3m47.8455645s    [32mpersistence_enabled[0m=true
[32mINFO [0m[11-19|11:49:46.531] Relayer metrics                          [32mtotal_processed[0m=1 [32mtime_since_last_event[0m=6h4m17.848592833s  [32mpersistence_enabled[0m=true
[32mINFO [0m[11-19|11:50:16.546] Relayer metrics                          [32mtotal_processed[0m=1 [32mtime_since_last_event[0m=6h4m47.863657875s  [32mpersistence_enabled[0m=true
[32mINFO [0m[11-19|11:50:46.521] Relayer metrics                          [32mtotal_processed[0m=1 [32mtime_since_last_event[0m=6h5m17.838530125s  [32mpersistence_enabled[0m=true
[32mINFO [0m[11-19|11:51:16.529] Relayer metrics                          [32mtotal_processed[0m=1 [32mtime_since_last_event[0m=6h5m47.846502833s  [32mpersistence_enabled[0m=true
[32mINFO [0m[11-19|11:51:46.531] Relayer metrics                          [32mtotal_processed[0m=1 [32mtime_since_last_event[0m=6h6m17.848506958s  [32mpersistence_enabled[0m=true
[32mINFO [0m[11-19|11:52:16.521] Relayer metrics                          [32mtotal_processed[0m=1 [32mtime_since_last_event[0m=6h6m47.838247083s  [32mpersistence_enabled[0m=true
[32mINFO [0m[11-19|11:52:46.534] Relayer metrics                          [32mtotal_processed[0m=1 [32mtime_since_last_event[0m=6h7m17.850999291s  [32mpersistence_enabled[0m=true
[32mINFO [0m[11-19|11:53:16.528] Relayer metrics                          [32mtotal_processed[0m=1 [32mtime_since_last_event[0m=6h7m47.84465175s   [32mpersistence_enabled[0m=true
[32mINFO [0m[11-19|11:53:46.522] Relayer metrics                          [32mtotal_processed[0m=1 [32mtime_since_last_event[0m=6h8m17.838271416s  [32mpersistence_enabled[0m=true
[32mINFO [0m[11-19|11:54:16.614] Relayer metrics                          [32mtotal_processed[0m=1 [32mtime_since_last_event[0m=6h8m47.930377916s  [32mpersistence_enabled[0m=true
[32mINFO [0m[11-19|11:54:46.557] Relayer metrics                          [32mtotal_processed[0m=1 [32mtime_since_last_event[0m=6h9m17.873543791s  [32mpersistence_enabled[0m=true
[32mINFO [0m[11-19|11:55:16.540] Relayer metrics                          [32mtotal_processed[0m=1 [32mtime_since_last_event[0m=6h9m47.856439041s  [32mpersistence_enabled[0m=true
[32mINFO [0m[11-19|11:55:46.526] Relayer metrics                          [32mtotal_processed[0m=1 [32mtime_since_last_event[0m=6h10m17.841705958s [32mpersistence_enabled[0m=true
[32mINFO [0m[11-19|11:56:16.543] Relayer metrics                          [32mtotal_processed[0m=1 [32mtime_since_last_event[0m=6h10m47.859142208s [32mpersistence_enabled[0m=true
[32mINFO [0m[11-19|11:56:46.524] Relayer metrics                          [32mtotal_processed[0m=1 [32mtime_since_last_event[0m=6h11m17.839935416s [32mpersistence_enabled[0m=true
[32mINFO [0m[11-19|11:57:16.611] Relayer metrics                          [32mtotal_processed[0m=1 [32mtime_since_last_event[0m=6h11m47.926701625s [32mpersistence_enabled[0m=true
[32mINFO [0m[11-19|11:57:46.525] Relayer metrics                          [32mtotal_processed[0m=1 [32mtime_since_last_event[0m=6h12m17.840421s    [32mpersistence_enabled[0m=true
[32mINFO [0m[11-19|11:58:16.528] Relayer metrics                          [32mtotal_processed[0m=1 [32mtime_since_last_event[0m=6h12m47.843729s    [32mpersistence_enabled[0m=true
[32mINFO [0m[11-19|11:58:46.527] Relayer metrics                          [32mtotal_processed[0m=1 [32mtime_since_last_event[0m=6h13m17.842244416s [32mpersistence_enabled[0m=true
[32mINFO [0m[11-19|11:59:16.527] Relayer metrics                          [32mtotal_processed[0m=1 [32mtime_since_last_event[0m=6h13m47.842174583s [32mpersistence_enabled[0m=true
[32mINFO [0m[11-19|11:59:46.535] Relayer metrics                          [32mtotal_processed[0m=1 [32mtime_since_last_event[0m=6h14m17.849892791s [32mpersistence_enabled[0m=true
[32mINFO [0m[11-19|12:00:16.527] Relayer metrics                          [32mtotal_processed[0m=1 [32mtime_since_last_event[0m=6h14m47.841999333s [32mpersistence_enabled[0m=true
[32mINFO [0m[11-19|12:00:46.523] Relayer metrics                          [32mtotal_processed[0m=1 [32mtime_since_last_event[0m=6h15m17.838307208s [32mpersistence_enabled[0m=true
[32mINFO [0m[11-19|12:01:16.545] Relayer metrics                          [32mtotal_processed[0m=1 [32mtime_since_last_event[0m=6h15m47.859650541s [32mpersistence_enabled[0m=true
[32mINFO [0m[11-19|12:01:46.528] Relayer metrics                          [32mtotal_processed[0m=1 [32mtime_since_last_event[0m=6h16m17.843174291s [32mpersistence_enabled[0m=true
[32mINFO [0m[11-19|12:02:16.550] Relayer metrics                          [32mtotal_processed[0m=1 [32mtime_since_last_event[0m=6h16m47.864273875s [32mpersistence_enabled[0m=true
[32mINFO [0m[11-19|12:02:46.525] Relayer metrics                          [32mtotal_processed[0m=1 [32mtime_since_last_event[0m=6h17m17.839259958s [32mpersistence_enabled[0m=true
[32mINFO [0m[11-19|12:03:16.537] Relayer metrics                          [32mtotal_processed[0m=1 [32mtime_since_last_event[0m=6h17m47.851661541s [32mpersistence_enabled[0m=true
[32mINFO [0m[11-19|12:03:46.525] Relayer metrics                          [32mtotal_processed[0m=1 [32mtime_since_last_event[0m=6h18m17.83964875s  [32mpersistence_enabled[0m=true
[32mINFO [0m[11-19|12:04:16.533] Relayer metrics                          [32mtotal_processed[0m=1 [32mtime_since_last_event[0m=6h18m47.847205083s [32mpersistence_enabled[0m=true
[32mINFO [0m[11-19|12:04:46.537] Relayer metrics                          [32mtotal_processed[0m=1 [32mtime_since_last_event[0m=6h19m17.851465291s [32mpersistence_enabled[0m=true
[32mINFO [0m[11-19|12:05:16.528] Relayer metrics                          [32mtotal_processed[0m=1 [32mtime_since_last_event[0m=6h19m47.842469s    [32mpersistence_enabled[0m=true
[32mINFO [0m[11-19|12:05:46.526] Relayer metrics                          [32mtotal_processed[0m=1 [32mtime_since_last_event[0m=6h20m17.840245333s [32mpersistence_enabled[0m=true
[32mINFO [0m[11-19|12:06:16.528] Relayer metrics                          [32mtotal_processed[0m=1 [32mtime_since_last_event[0m=6h20m47.841522041s [32mpersistence_enabled[0m=true
[32mINFO [0m[11-19|12:06:46.529] Relayer metrics                          [32mtotal_processed[0m=1 [32mtime_since_last_event[0m=6h21m17.842311875s [32mpersistence_enabled[0m=true
[32mINFO [0m[11-19|12:07:16.535] Relayer metrics                          [32mtotal_processed[0m=1 [32mtime_since_last_event[0m=6h21m47.84916825s  [32mpersistence_enabled[0m=true
[32mINFO [0m[11-19|12:07:46.527] Relayer metrics                          [32mtotal_processed[0m=1 [32mtime_since_last_event[0m=6h22m17.840488708s [32mpersistence_enabled[0m=true
[32mINFO [0m[11-19|12:08:16.536] Relayer metrics                          [32mtotal_processed[0m=1 [32mtime_since_last_event[0m=6h22m47.850053416s [32mpersistence_enabled[0m=true
[32mINFO [0m[11-19|12:08:46.526] Relayer metrics                          [32mtotal_processed[0m=1 [32mtime_since_last_event[0m=6h23m17.840162625s [32mpersistence_enabled[0m=true
[32mINFO [0m[11-19|12:09:16.566] Relayer metrics                          [32mtotal_processed[0m=1 [32mtime_since_last_event[0m=6h23m47.879583208s [32mpersistence_enabled[0m=true
[32mINFO [0m[11-19|12:09:46.530] Relayer metrics                          [32mtotal_processed[0m=1 [32mtime_since_last_event[0m=6h24m17.843565916s [32mpersistence_enabled[0m=true
[32mINFO [0m[11-19|12:10:16.561] Relayer metrics                          [32mtotal_processed[0m=1 [32mtime_since_last_event[0m=6h24m47.874490041s [32mpersistence_enabled[0m=true
[32mINFO [0m[11-19|12:10:46.530] Relayer metrics                          [32mtotal_processed[0m=1 [32mtime_since_last_event[0m=6h25m17.843801375s [32mpersistence_enabled[0m=true
[32mINFO [0m[11-19|12:11:16.531] Relayer metrics                          [32mtotal_processed[0m=1 [32mtime_since_last_event[0m=6h25m47.844692125s [32mpersistence_enabled[0m=true
[32mINFO [0m[11-19|12:11:46.529] Relayer metrics                          [32mtotal_processed[0m=1 [32mtime_since_last_event[0m=6h26m17.84213775s  [32mpersistence_enabled[0m=true
[32mINFO [0m[11-19|12:12:16.769] Relayer metrics                          [32mtotal_processed[0m=1 [32mtime_since_last_event[0m=6h26m48.081871916s [32mpersistence_enabled[0m=true
[32mINFO [0m[11-19|12:12:46.529] Relayer metrics                          [32mtotal_processed[0m=1 [32mtime_since_last_event[0m=6h27m17.841769666s [32mpersistence_enabled[0m=true
[32mINFO [0m[11-19|12:13:16.692] Relayer metrics                          [32mtotal_processed[0m=1 [32mtime_since_last_event[0m=6h27m48.00503175s  [32mpersistence_enabled[0m=true
[32mINFO [0m[11-19|12:13:46.531] Relayer metrics                          [32mtotal_processed[0m=1 [32mtime_since_last_event[0m=6h28m17.843830166s [32mpersistence_enabled[0m=true
[32mINFO [0m[11-19|12:14:16.963] Relayer metrics                          [32mtotal_processed[0m=1 [32mtime_since_last_event[0m=6h28m48.275991833s [32mpersistence_enabled[0m=true
[32mINFO [0m[11-19|12:14:46.526] Relayer metrics                          [32mtotal_processed[0m=1 [32mtime_since_last_event[0m=6h29m17.8387145s   [32mpersistence_enabled[0m=true
[32mINFO [0m[11-19|12:15:16.767] Relayer metrics                          [32mtotal_processed[0m=1 [32mtime_since_last_event[0m=6h29m48.079322833s [32mpersistence_enabled[0m=true
[32mINFO [0m[11-19|12:15:46.642] Relayer metrics                          [32mtotal_processed[0m=1 [32mtime_since_last_event[0m=6h30m17.954820958s [32mpersistence_enabled[0m=true
[32mINFO [0m[11-19|12:16:16.530] Relayer metrics                          [32mtotal_processed[0m=1 [32mtime_since_last_event[0m=6h30m47.84258575s  [32mpersistence_enabled[0m=true
[32mINFO [0m[11-19|12:16:46.532] Relayer metrics                          [32mtotal_processed[0m=1 [32mtime_since_last_event[0m=6h31m17.844578958s [32mpersistence_enabled[0m=true
[32mINFO [0m[11-19|12:17:16.526] Relayer metrics                          [32mtotal_processed[0m=1 [32mtime_since_last_event[0m=6h31m47.8381345s   [32mpersistence_enabled[0m=true
[32mINFO [0m[11-19|12:17:46.527] Relayer metrics                          [32mtotal_processed[0m=1 [32mtime_since_last_event[0m=6h32m17.839437125s [32mpersistence_enabled[0m=true
[32mINFO [0m[11-19|12:18:16.562] Relayer metrics                          [32mtotal_processed[0m=1 [32mtime_since_last_event[0m=6h32m47.873908333s [32mpersistence_enabled[0m=true
[32mINFO [0m[11-19|12:18:46.531] Relayer metrics                          [32mtotal_processed[0m=1 [32mtime_since_last_event[0m=6h33m17.842910083s [32mpersistence_enabled[0m=true
[32mINFO [0m[11-19|12:19:16.534] Relayer metrics                          [32mtotal_processed[0m=1 [32mtime_since_last_event[0m=6h33m47.846227083s [32mpersistence_enabled[0m=true
[32mINFO [0m[11-19|12:19:46.541] Relayer metrics                          [32mtotal_processed[0m=1 [32mtime_since_last_event[0m=6h34m17.852707875s [32mpersistence_enabled[0m=true
[32mINFO [0m[11-19|12:20:16.533] Relayer metrics                          [32mtotal_processed[0m=1 [32mtime_since_last_event[0m=6h34m47.844481416s [32mpersistence_enabled[0m=true
[32mINFO [0m[11-19|12:20:47.070] Relayer metrics                          [32mtotal_processed[0m=1 [32mtime_since_last_event[0m=6h35m18.381790458s [32mpersistence_enabled[0m=true
[32mINFO [0m[11-19|12:21:16.607] Relayer metrics                          [32mtotal_processed[0m=1 [32mtime_since_last_event[0m=6h35m47.918287708s [32mpersistence_enabled[0m=true
[32mINFO [0m[11-19|12:21:46.528] Relayer metrics                          [32mtotal_processed[0m=1 [32mtime_since_last_event[0m=6h36m17.839780041s [32mpersistence_enabled[0m=true
[32mINFO [0m[11-19|12:22:16.534] Relayer metrics                          [32mtotal_processed[0m=1 [32mtime_since_last_event[0m=6h36m47.845705s    [32mpersistence_enabled[0m=true
[32mINFO [0m[11-19|12:22:46.529] Relayer metrics                          [32mtotal_processed[0m=1 [32mtime_since_last_event[0m=6h37m17.83997975s  [32mpersistence_enabled[0m=true
[32mINFO [0m[11-19|12:23:16.540] Relayer metrics                          [32mtotal_processed[0m=1 [32mtime_since_last_event[0m=6h37m47.850709458s [32mpersistence_enabled[0m=true
[32mINFO [0m[11-19|12:23:46.539] Relayer metrics                          [32mtotal_processed[0m=1 [32mtime_since_last_event[0m=6h38m17.850032458s [32mpersistence_enabled[0m=true
[32mINFO [0m[11-19|12:24:16.571] Relayer metrics                          [32mtotal_processed[0m=1 [32mtime_since_last_event[0m=6h38m47.881788458s [32mpersistence_enabled[0m=true
[32mINFO [0m[11-19|12:24:46.529] Relayer metrics                          [32mtotal_processed[0m=1 [32mtime_since_last_event[0m=6h39m17.839677041s [32mpersistence_enabled[0m=true
[32mINFO [0m[11-19|12:25:16.545] Relayer metrics                          [32mtotal_processed[0m=1 [32mtime_since_last_event[0m=6h39m47.855024083s [32mpersistence_enabled[0m=true
[32mINFO [0m[11-19|12:25:46.528] Relayer metrics                          [32mtotal_processed[0m=1 [32mtime_since_last_event[0m=6h40m17.837828083s [32mpersistence_enabled[0m=true
[32mINFO [0m[11-19|12:26:16.529] Relayer metrics                          [32mtotal_processed[0m=1 [32mtime_since_last_event[0m=6h40m47.838801083s [32mpersistence_enabled[0m=true
[32mINFO [0m[11-19|12:26:46.531] Relayer metrics                          [32mtotal_processed[0m=1 [32mtime_since_last_event[0m=6h41m17.840542208s [32mpersistence_enabled[0m=true
[32mINFO [0m[11-19|12:27:16.550] Relayer metrics                          [32mtotal_processed[0m=1 [32mtime_since_last_event[0m=6h41m47.8593525s   [32mpersistence_enabled[0m=true
[32mINFO [0m[11-19|12:27:46.570] Relayer metrics                          [32mtotal_processed[0m=1 [32mtime_since_last_event[0m=6h42m17.879003333s [32mpersistence_enabled[0m=true
[32mINFO [0m[11-19|12:28:16.544] Relayer metrics                          [32mtotal_processed[0m=1 [32mtime_since_last_event[0m=6h42m47.85313525s  [32mpersistence_enabled[0m=true
